match_id,date,season,team1,team2,venue,city,toss_winner,toss_decision,chasing_team,defending_team,winner,toss_winner_won,chase_win,defend_win,pair
335982,2008-04-18,2007/08,Kolkata Knight Riders,Royal Challengers Bengaluru,M Chinnaswamy Stadium,Bangalore,Royal Challengers Bengaluru,field,Royal Challengers Bengaluru,Kolkata Knight Riders,Kolkata Knight Riders,0,0,1,Kolkata Knight Riders vs Royal Challengers Bengaluru
335983,2008-04-19,2007/08,Chennai Super Kings,Punjab Kings,Punjab Cricket Association Stadium,Chandigarh,Chennai Super Kings,bat,Punjab Kings,Chennai Super Kings,Chennai Super Kings,1,0,1,Chennai Super Kings vs Punjab Kings
335984,2008-04-19,2007/08,Delhi Capitals,Rajasthan Royals,Feroz Shah Kotla,Delhi,Rajasthan Royals,bat,Delhi Capitals,Rajasthan Royals,Delhi Capitals,0,1,0,Delhi Capitals vs Rajasthan Royals
335985,2008-04-20,2007/08,Mumbai Indians,Royal Challengers Bengaluru,Wankhede Stadium,Mumbai,Mumbai Indians,bat,Royal Challengers Bengaluru,Mumbai Indians,Royal Challengers Bengaluru,0,1,0,Mumbai Indians vs Royal Challengers Bengaluru
335986,2008-04-20,2007/08,Deccan Chargers,Kolkata Knight Riders,Eden Gardens,Kolkata,Deccan Chargers,bat,Kolkata Knight Riders,Deccan Chargers,Kolkata Knight Riders,0,1,0,Deccan Chargers vs Kolkata Knight Riders
335987,2008-04-21,2007/08,Punjab Kings,Rajasthan Royals,Sawai Mansingh Stadium,Jaipur,Punjab Kings,bat,Rajasthan Royals,Punjab Kings,Rajasthan Royals,0,1,0,Punjab Kings vs Rajasthan Royals
335988,2008-04-22,2007/08,Deccan Chargers,Delhi Capitals,Rajiv Gandhi International Stadium,Hyderabad,Deccan Chargers,bat,Delhi Capitals,Deccan Chargers,Delhi Capitals,0,1,0,Deccan Chargers vs Delhi Capitals
335989,2008-04-23,2007/08,Chennai Super Kings,Mumbai Indians,MA Chidambaram Stadium,Chennai,Mumbai Indians,field,Mumbai Indians,Chennai Super Kings,Chennai Super Kings,0,0,1,Chennai Super Kings vs Mumbai Indians
335990,2008-04-24,2007/08,Deccan Chargers,Rajasthan Royals,Rajiv Gandhi International Stadium,Hyderabad,Rajasthan Royals,field,Rajasthan Royals,Deccan Chargers,Rajasthan Royals,1,1,0,Deccan Chargers vs Rajasthan Royals
335991,2008-04-25,2007/08,Punjab Kings,Mumbai Indians,Punjab Cricket Association Stadium,Chandigarh,Mumbai Indians,field,Mumbai Indians,Punjab Kings,Punjab Kings,0,0,1,Mumbai Indians vs Punjab Kings
335992,2008-04-26,2007/08,Rajasthan Royals,Royal Challengers Bengaluru,M Chinnaswamy Stadium,Bangalore,Rajasthan Royals,field,Rajasthan Royals,Royal Challengers Bengaluru,Rajasthan Royals,1,1,0,Rajasthan Royals vs Royal Challengers Bengaluru
335993,2008-04-26,2007/08,Chennai Super Kings,Kolkata Knight Riders,MA Chidambaram Stadium,Chennai,Kolkata Knight Riders,bat,Chennai Super Kings,Kolkata Knight Riders,Chennai Super Kings,0,1,0,Chennai Super Kings vs Kolkata Knight Riders
335994,2008-04-27,2007/08,Deccan Chargers,Mumbai Indians,Dr DY Patil Sports Academy,Mumbai,Deccan Chargers,field,Deccan Chargers,Mumbai Indians,Deccan Chargers,1,1,0,Deccan Chargers vs Mumbai Indians
335995,2008-04-27,2007/08,Delhi Capitals,Punjab Kings,Punjab Cricket Association Stadium,Chandigarh,Delhi Capitals,bat,Punjab Kings,Delhi Capitals,Punjab Kings,0,1,0,Delhi Capitals vs Punjab Kings
335996,2008-04-28,2007/08,Chennai Super Kings,Royal Challengers Bengaluru,M Chinnaswamy Stadium,Bangalore,Chennai Super Kings,bat,Royal Challengers Bengaluru,Chennai Super Kings,Chennai Super Kings,1,0,1,Chennai Super Kings vs Royal Challengers Bengaluru
335997,2008-04-29,2007/08,Kolkata Knight Riders,Mumbai Indians,Eden Gardens,Kolkata,Kolkata Knight Riders,bat,Mumbai Indians,Kolkata Knight Riders,Mumbai Indians,0,1,0,Kolkata Knight Riders vs Mumbai Indians
335998,2008-04-30,2007/08,Delhi Capitals,Royal Challengers Bengaluru,Feroz Shah Kotla,Delhi,Royal Challengers Bengaluru,field,Royal Challengers Bengaluru,Delhi Capitals,Delhi Capitals,0,0,1,Delhi Capitals vs Royal Challengers Bengaluru
336000,2008-05-01,2007/08,Kolkata Knight Riders,Rajasthan Royals,Sawai Mansingh Stadium,Jaipur,Rajasthan Royals,bat,Kolkata Knight Riders,Rajasthan Royals,Rajasthan Royals,1,0,1,Kolkata Knight Riders vs Rajasthan Royals
335999,2008-05-01,2007/08,Deccan Chargers,Punjab Kings,Rajiv Gandhi International Stadium,Hyderabad,Punjab Kings,field,Punjab Kings,Deccan Chargers,Punjab Kings,1,1,0,Deccan Chargers vs Punjab Kings
336001,2008-05-02,2007/08,Chennai Super Kings,Delhi Capitals,MA Chidambaram Stadium,Chennai,Chennai Super Kings,bat,Delhi Capitals,Chennai Super Kings,Delhi Capitals,0,1,0,Chennai Super Kings vs Delhi Capitals
336034,2008-05-03,2007/08,Deccan Chargers,Royal Challengers Bengaluru,M Chinnaswamy Stadium,Bangalore,Deccan Chargers,field,Deccan Chargers,Royal Challengers Bengaluru,Royal Challengers Bengaluru,0,0,1,Deccan Chargers vs Royal Challengers Bengaluru
336003,2008-05-03,2007/08,Punjab Kings,Kolkata Knight Riders,Punjab Cricket Association Stadium,Chandigarh,Punjab Kings,bat,Kolkata Knight Riders,Punjab Kings,Punjab Kings,1,0,1,Kolkata Knight Riders vs Punjab Kings
336004,2008-05-04,2007/08,Delhi Capitals,Mumbai Indians,Dr DY Patil Sports Academy,Mumbai,Delhi Capitals,field,Delhi Capitals,Mumbai Indians,Mumbai Indians,0,0,1,Delhi Capitals vs Mumbai Indians
336005,2008-05-04,2007/08,Chennai Super Kings,Rajasthan Royals,Sawai Mansingh Stadium,Jaipur,Chennai Super Kings,bat,Rajasthan Royals,Chennai Super Kings,Rajasthan Royals,0,1,0,Chennai Super Kings vs Rajasthan Royals
336006,2008-05-05,2007/08,Punjab Kings,Royal Challengers Bengaluru,M Chinnaswamy Stadium,Bangalore,Punjab Kings,field,Punjab Kings,Royal Challengers Bengaluru,Punjab Kings,1,1,0,Punjab Kings vs Royal Challengers Bengaluru
336007,2008-05-06,2007/08,Chennai Super Kings,Deccan Chargers,MA Chidambaram Stadium,Chennai,Deccan Chargers,field,Deccan Chargers,Chennai Super Kings,Deccan Chargers,1,1,0,Chennai Super Kings vs Deccan Chargers
336008,2008-05-07,2007/08,Mumbai Indians,Rajasthan Royals,Dr DY Patil Sports Academy,Mumbai,Mumbai Indians,field,Mumbai Indians,Rajasthan Royals,Mumbai Indians,1,1,0,Mumbai Indians vs Rajasthan Royals
336009,2008-05-08,2007/08,Chennai Super Kings,Delhi Capitals,Feroz Shah Kotla,Delhi,Chennai Super Kings,field,Chennai Super Kings,Delhi Capitals,Chennai Super Kings,1,1,0,Chennai Super Kings vs Delhi Capitals
336010,2008-05-08,2007/08,Kolkata Knight Riders,Royal Challengers Bengaluru,Eden Gardens,Kolkata,Kolkata Knight Riders,bat,Royal Challengers Bengaluru,Kolkata Knight Riders,Kolkata Knight Riders,1,0,1,Kolkata Knight Riders vs Royal Challengers Bengaluru
336011,2008-05-09,2007/08,Deccan Chargers,Rajasthan Royals,Sawai Mansingh Stadium,Jaipur,Rajasthan Royals,field,Rajasthan Royals,Deccan Chargers,Rajasthan Royals,1,1,0,Deccan Chargers vs Rajasthan Royals
336013,2008-05-10,2007/08,Chennai Super Kings,Punjab Kings,MA Chidambaram Stadium,Chennai,Punjab Kings,field,Punjab Kings,Chennai Super Kings,Chennai Super Kings,0,0,1,Chennai Super Kings vs Punjab Kings
336014,2008-05-11,2007/08,Deccan Chargers,Kolkata Knight Riders,Rajiv Gandhi International Stadium,Hyderabad,Kolkata Knight Riders,bat,Deccan Chargers,Kolkata Knight Riders,Kolkata Knight Riders,1,0,1,Deccan Chargers vs Kolkata Knight Riders
336015,2008-05-11,2007/08,Delhi Capitals,Rajasthan Royals,Sawai Mansingh Stadium,Jaipur,Rajasthan Royals,field,Rajasthan Royals,Delhi Capitals,Rajasthan Royals,1,1,0,Delhi Capitals vs Rajasthan Royals
336016,2008-05-12,2007/08,Punjab Kings,Royal Challengers Bengaluru,Punjab Cricket Association Stadium,Chandigarh,Royal Challengers Bengaluru,bat,Punjab Kings,Royal Challengers Bengaluru,Punjab Kings,0,1,0,Punjab Kings vs Royal Challengers Bengaluru
336017,2008-05-13,2007/08,Delhi Capitals,Kolkata Knight Riders,Eden Gardens,Kolkata,Kolkata Knight Riders,bat,Delhi Capitals,Kolkata Knight Riders,Kolkata Knight Riders,1,0,1,Delhi Capitals vs Kolkata Knight Riders
336018,2008-05-14,2007/08,Chennai Super Kings,Mumbai Indians,Wankhede Stadium,Mumbai,Mumbai Indians,field,Mumbai Indians,Chennai Super Kings,Mumbai Indians,1,1,0,Chennai Super Kings vs Mumbai Indians
336020,2008-05-15,2007/08,Deccan Chargers,Delhi Capitals,Feroz Shah Kotla,Delhi,Deccan Chargers,field,Deccan Chargers,Delhi Capitals,Delhi Capitals,0,0,1,Deccan Chargers vs Delhi Capitals
336021,2008-05-16,2007/08,Kolkata Knight Riders,Mumbai Indians,Wankhede Stadium,Mumbai,Mumbai Indians,field,Mumbai Indians,Kolkata Knight Riders,Mumbai Indians,1,1,0,Kolkata Knight Riders vs Mumbai Indians
336022,2008-05-17,2007/08,Delhi Capitals,Punjab Kings,Feroz Shah Kotla,Delhi,Delhi Capitals,bat,Punjab Kings,Delhi Capitals,Punjab Kings,0,1,0,Delhi Capitals vs Punjab Kings
336023,2008-05-17,2007/08,Rajasthan Royals,Royal Challengers Bengaluru,Sawai Mansingh Stadium,Jaipur,Royal Challengers Bengaluru,field,Royal Challengers Bengaluru,Rajasthan Royals,Rajasthan Royals,0,0,1,Rajasthan Royals vs Royal Challengers Bengaluru
336024,2008-05-18,2007/08,Deccan Chargers,Mumbai Indians,Rajiv Gandhi International Stadium,Hyderabad,Deccan Chargers,field,Deccan Chargers,Mumbai Indians,Mumbai Indians,0,0,1,Deccan Chargers vs Mumbai Indians
336025,2008-05-18,2007/08,Chennai Super Kings,Kolkata Knight Riders,Eden Gardens,Kolkata,Kolkata Knight Riders,bat,Chennai Super Kings,Kolkata Knight Riders,Chennai Super Kings,0,1,0,Chennai Super Kings vs Kolkata Knight Riders
336026,2008-05-19,2007/08,Delhi Capitals,Royal Challengers Bengaluru,M Chinnaswamy Stadium,Bangalore,Delhi Capitals,field,Delhi Capitals,Royal Challengers Bengaluru,Delhi Capitals,1,1,0,Delhi Capitals vs Royal Challengers Bengaluru
336027,2008-05-20,2007/08,Kolkata Knight Riders,Rajasthan Royals,Eden Gardens,Kolkata,Rajasthan Royals,field,Rajasthan Royals,Kolkata Knight Riders,Rajasthan Royals,1,1,0,Kolkata Knight Riders vs Rajasthan Royals
336029,2008-05-21,2007/08,Chennai Super Kings,Royal Challengers Bengaluru,MA Chidambaram Stadium,Chennai,Royal Challengers Bengaluru,bat,Chennai Super Kings,Royal Challengers Bengaluru,Royal Challengers Bengaluru,1,0,1,Chennai Super Kings vs Royal Challengers Bengaluru
336028,2008-05-21,2007/08,Punjab Kings,Mumbai Indians,Wankhede Stadium,Mumbai,Mumbai Indians,field,Mumbai Indians,Punjab Kings,Punjab Kings,0,0,1,Mumbai Indians vs Punjab Kings
336031,2008-05-23,2007/08,Deccan Chargers,Punjab Kings,Punjab Cricket Association Stadium,Chandigarh,Punjab Kings,field,Punjab Kings,Deccan Chargers,Punjab Kings,1,1,0,Deccan Chargers vs Punjab Kings
336032,2008-05-24,2007/08,Delhi Capitals,Mumbai Indians,Feroz Shah Kotla,Delhi,Delhi Capitals,field,Delhi Capitals,Mumbai Indians,Delhi Capitals,1,1,0,Delhi Capitals vs Mumbai Indians
336033,2008-05-24,2007/08,Chennai Super Kings,Rajasthan Royals,MA Chidambaram Stadium,Chennai,Rajasthan Royals,bat,Chennai Super Kings,Rajasthan Royals,Rajasthan Royals,1,0,1,Chennai Super Kings vs Rajasthan Royals
336002,2008-05-25,2007/08,Deccan Chargers,Royal Challengers Bengaluru,Rajiv Gandhi International Stadium,Hyderabad,Deccan Chargers,bat,Royal Challengers Bengaluru,Deccan Chargers,Royal Challengers Bengaluru,0,1,0,Deccan Chargers vs Royal Challengers Bengaluru
336035,2008-05-25,2007/08,Punjab Kings,Kolkata Knight Riders,Eden Gardens,Kolkata,Punjab Kings,bat,Kolkata Knight Riders,Punjab Kings,Kolkata Knight Riders,0,1,0,Kolkata Knight Riders vs Punjab Kings
336036,2008-05-26,2007/08,Mumbai Indians,Rajasthan Royals,Sawai Mansingh Stadium,Jaipur,Rajasthan Royals,field,Rajasthan Royals,Mumbai Indians,Rajasthan Royals,1,1,0,Mumbai Indians vs Rajasthan Royals
336037,2008-05-27,2007/08,Chennai Super Kings,Deccan Chargers,Rajiv Gandhi International Stadium,Hyderabad,Deccan Chargers,bat,Chennai Super Kings,Deccan Chargers,Chennai Super Kings,0,1,0,Chennai Super Kings vs Deccan Chargers
336012,2008-05-28,2007/08,Mumbai Indians,Royal Challengers Bengaluru,M Chinnaswamy Stadium,Bangalore,Mumbai Indians,field,Mumbai Indians,Royal Challengers Bengaluru,Mumbai Indians,1,1,0,Mumbai Indians vs Royal Challengers Bengaluru
336019,2008-05-28,2007/08,Punjab Kings,Rajasthan Royals,Punjab Cricket Association Stadium,Chandigarh,Rajasthan Royals,field,Rajasthan Royals,Punjab Kings,Punjab Kings,0,0,1,Punjab Kings vs Rajasthan Royals
336038,2008-05-30,2007/08,Delhi Capitals,Rajasthan Royals,Wankhede Stadium,Mumbai,Delhi Capitals,field,Delhi Capitals,Rajasthan Royals,Rajasthan Royals,0,0,1,Delhi Capitals vs Rajasthan Royals
336039,2008-05-31,2007/08,Chennai Super Kings,Punjab Kings,Wankhede Stadium,Mumbai,Punjab Kings,bat,Chennai Super Kings,Punjab Kings,Chennai Super Kings,0,1,0,Chennai Super Kings vs Punjab Kings
336040,2008-06-01,2007/08,Chennai Super Kings,Rajasthan Royals,Dr DY Patil Sports Academy,Mumbai,Rajasthan Royals,field,Rajasthan Royals,Chennai Super Kings,Rajasthan Royals,1,1,0,Chennai Super Kings vs Rajasthan Royals
392181,2009-04-18,2009,Chennai Super Kings,Mumbai Indians,Newlands,Cape Town,Chennai Super Kings,field,Chennai Super Kings,Mumbai Indians,Mumbai Indians,0,0,1,Chennai Super Kings vs Mumbai Indians
392182,2009-04-18,2009,Rajasthan Royals,Royal Challengers Bengaluru,Newlands,Cape Town,Royal Challengers Bengaluru,bat,Rajasthan Royals,Royal Challengers Bengaluru,Royal Challengers Bengaluru,1,0,1,Rajasthan Royals vs Royal Challengers Bengaluru
392184,2009-04-19,2009,Deccan Chargers,Kolkata Knight Riders,Newlands,Cape Town,Kolkata Knight Riders,bat,Deccan Chargers,Kolkata Knight Riders,Deccan Chargers,0,1,0,Deccan Chargers vs Kolkata Knight Riders
392183,2009-04-19,2009,Delhi Capitals,Punjab Kings,Newlands,Cape Town,Delhi Capitals,field,Delhi Capitals,Punjab Kings,Delhi Capitals,1,1,0,Delhi Capitals vs Punjab Kings
392185,2009-04-20,2009,Chennai Super Kings,Royal Challengers Bengaluru,St George's Park,Port Elizabeth,Chennai Super Kings,bat,Royal Challengers Bengaluru,Chennai Super Kings,Chennai Super Kings,1,0,1,Chennai Super Kings vs Royal Challengers Bengaluru
392186,2009-04-21,2009,Punjab Kings,Kolkata Knight Riders,Kingsmead,Durban,Kolkata Knight Riders,field,Kolkata Knight Riders,Punjab Kings,Kolkata Knight Riders,1,1,0,Kolkata Knight Riders vs Punjab Kings
392188,2009-04-22,2009,Deccan Chargers,Royal Challengers Bengaluru,Newlands,Cape Town,Deccan Chargers,bat,Royal Challengers Bengaluru,Deccan Chargers,Deccan Chargers,1,0,1,Deccan Chargers vs Royal Challengers Bengaluru
392189,2009-04-23,2009,Chennai Super Kings,Delhi Capitals,Kingsmead,Durban,Delhi Capitals,bat,Chennai Super Kings,Delhi Capitals,Delhi Capitals,1,0,1,Chennai Super Kings vs Delhi Capitals
392190,2009-04-23,2009,Kolkata Knight Riders,Rajasthan Royals,Newlands,Cape Town,Kolkata Knight Riders,field,Kolkata Knight Riders,Rajasthan Royals,Unknown,0,0,0,Kolkata Knight Riders vs Rajasthan Royals
392191,2009-04-24,2009,Punjab Kings,Royal Challengers Bengaluru,Kingsmead,Durban,Royal Challengers Bengaluru,bat,Punjab Kings,Royal Challengers Bengaluru,Punjab Kings,0,1,0,Punjab Kings vs Royal Challengers Bengaluru
392192,2009-04-25,2009,Deccan Chargers,Mumbai Indians,Kingsmead,Durban,Deccan Chargers,bat,Mumbai Indians,Deccan Chargers,Deccan Chargers,1,0,1,Deccan Chargers vs Mumbai Indians
392195,2009-04-26,2009,Punjab Kings,Rajasthan Royals,Newlands,Cape Town,Punjab Kings,bat,Rajasthan Royals,Punjab Kings,Punjab Kings,1,0,1,Punjab Kings vs Rajasthan Royals
392194,2009-04-26,2009,Delhi Capitals,Royal Challengers Bengaluru,St George's Park,Port Elizabeth,Royal Challengers Bengaluru,bat,Delhi Capitals,Royal Challengers Bengaluru,Delhi Capitals,0,1,0,Delhi Capitals vs Royal Challengers Bengaluru
392196,2009-04-27,2009,Chennai Super Kings,Deccan Chargers,Kingsmead,Durban,Deccan Chargers,field,Deccan Chargers,Chennai Super Kings,Deccan Chargers,1,1,0,Chennai Super Kings vs Deccan Chargers
392197,2009-04-27,2009,Kolkata Knight Riders,Mumbai Indians,St George's Park,Port Elizabeth,Mumbai Indians,bat,Kolkata Knight Riders,Mumbai Indians,Mumbai Indians,1,0,1,Kolkata Knight Riders vs Mumbai Indians
392198,2009-04-28,2009,Delhi Capitals,Rajasthan Royals,SuperSport Park,Centurion,Delhi Capitals,bat,Rajasthan Royals,Delhi Capitals,Rajasthan Royals,0,1,0,Delhi Capitals vs Rajasthan Royals
392199,2009-04-29,2009,Kolkata Knight Riders,Royal Challengers Bengaluru,Kingsmead,Durban,Kolkata Knight Riders,bat,Royal Challengers Bengaluru,Kolkata Knight Riders,Royal Challengers Bengaluru,0,1,0,Kolkata Knight Riders vs Royal Challengers Bengaluru
392200,2009-04-29,2009,Punjab Kings,Mumbai Indians,Kingsmead,Durban,Punjab Kings,bat,Mumbai Indians,Punjab Kings,Punjab Kings,1,0,1,Mumbai Indians vs Punjab Kings
392201,2009-04-30,2009,Deccan Chargers,Delhi Capitals,SuperSport Park,Centurion,Delhi Capitals,field,Delhi Capitals,Deccan Chargers,Delhi Capitals,1,1,0,Deccan Chargers vs Delhi Capitals
392202,2009-04-30,2009,Chennai Super Kings,Rajasthan Royals,SuperSport Park,Centurion,Rajasthan Royals,field,Rajasthan Royals,Chennai Super Kings,Chennai Super Kings,0,0,1,Chennai Super Kings vs Rajasthan Royals
392203,2009-05-01,2009,Kolkata Knight Riders,Mumbai Indians,Buffalo Park,East London,Mumbai Indians,bat,Kolkata Knight Riders,Mumbai Indians,Mumbai Indians,1,0,1,Kolkata Knight Riders vs Mumbai Indians
392204,2009-05-01,2009,Punjab Kings,Royal Challengers Bengaluru,Kingsmead,Durban,Royal Challengers Bengaluru,bat,Punjab Kings,Royal Challengers Bengaluru,Royal Challengers Bengaluru,1,0,1,Punjab Kings vs Royal Challengers Bengaluru
392205,2009-05-02,2009,Deccan Chargers,Rajasthan Royals,St George's Park,Port Elizabeth,Deccan Chargers,bat,Rajasthan Royals,Deccan Chargers,Rajasthan Royals,0,1,0,Deccan Chargers vs Rajasthan Royals
392206,2009-05-02,2009,Chennai Super Kings,Delhi Capitals,New Wanderers Stadium,Johannesburg,Delhi Capitals,field,Delhi Capitals,Chennai Super Kings,Chennai Super Kings,0,0,1,Chennai Super Kings vs Delhi Capitals
392207,2009-05-03,2009,Punjab Kings,Kolkata Knight Riders,St George's Park,Port Elizabeth,Kolkata Knight Riders,bat,Punjab Kings,Kolkata Knight Riders,Punjab Kings,0,1,0,Kolkata Knight Riders vs Punjab Kings
392208,2009-05-03,2009,Mumbai Indians,Royal Challengers Bengaluru,New Wanderers Stadium,Johannesburg,Mumbai Indians,bat,Royal Challengers Bengaluru,Mumbai Indians,Royal Challengers Bengaluru,0,1,0,Mumbai Indians vs Royal Challengers Bengaluru
392209,2009-05-04,2009,Chennai Super Kings,Deccan Chargers,Buffalo Park,East London,Chennai Super Kings,bat,Deccan Chargers,Chennai Super Kings,Chennai Super Kings,1,0,1,Chennai Super Kings vs Deccan Chargers
392210,2009-05-05,2009,Punjab Kings,Rajasthan Royals,Kingsmead,Durban,Punjab Kings,field,Punjab Kings,Rajasthan Royals,Rajasthan Royals,0,0,1,Punjab Kings vs Rajasthan Royals
392211,2009-05-05,2009,Delhi Capitals,Kolkata Knight Riders,Kingsmead,Durban,Kolkata Knight Riders,bat,Delhi Capitals,Kolkata Knight Riders,Delhi Capitals,0,1,0,Delhi Capitals vs Kolkata Knight Riders
392212,2009-05-06,2009,Deccan Chargers,Mumbai Indians,SuperSport Park,Centurion,Deccan Chargers,bat,Mumbai Indians,Deccan Chargers,Deccan Chargers,1,0,1,Deccan Chargers vs Mumbai Indians
392213,2009-05-07,2009,Rajasthan Royals,Royal Challengers Bengaluru,SuperSport Park,Centurion,Rajasthan Royals,field,Rajasthan Royals,Royal Challengers Bengaluru,Rajasthan Royals,1,1,0,Rajasthan Royals vs Royal Challengers Bengaluru
392214,2009-05-07,2009,Chennai Super Kings,Punjab Kings,SuperSport Park,Centurion,Chennai Super Kings,bat,Punjab Kings,Chennai Super Kings,Chennai Super Kings,1,0,1,Chennai Super Kings vs Punjab Kings
392215,2009-05-08,2009,Delhi Capitals,Mumbai Indians,Buffalo Park,East London,Mumbai Indians,bat,Delhi Capitals,Mumbai Indians,Delhi Capitals,0,1,0,Delhi Capitals vs Mumbai Indians
392216,2009-05-09,2009,Deccan Chargers,Punjab Kings,De Beers Diamond Oval,Kimberley,Punjab Kings,field,Punjab Kings,Deccan Chargers,Punjab Kings,1,1,0,Deccan Chargers vs Punjab Kings
392217,2009-05-09,2009,Chennai Super Kings,Rajasthan Royals,De Beers Diamond Oval,Kimberley,Rajasthan Royals,bat,Chennai Super Kings,Rajasthan Royals,Chennai Super Kings,0,1,0,Chennai Super Kings vs Rajasthan Royals
392218,2009-05-10,2009,Mumbai Indians,Royal Challengers Bengaluru,St George's Park,Port Elizabeth,Mumbai Indians,bat,Royal Challengers Bengaluru,Mumbai Indians,Mumbai Indians,1,0,1,Mumbai Indians vs Royal Challengers Bengaluru
392219,2009-05-10,2009,Delhi Capitals,Kolkata Knight Riders,New Wanderers Stadium,Johannesburg,Delhi Capitals,field,Delhi Capitals,Kolkata Knight Riders,Delhi Capitals,1,1,0,Delhi Capitals vs Kolkata Knight Riders
392220,2009-05-11,2009,Deccan Chargers,Rajasthan Royals,De Beers Diamond Oval,Kimberley,Deccan Chargers,bat,Rajasthan Royals,Deccan Chargers,Deccan Chargers,1,0,1,Deccan Chargers vs Rajasthan Royals
392221,2009-05-12,2009,Kolkata Knight Riders,Royal Challengers Bengaluru,SuperSport Park,Centurion,Royal Challengers Bengaluru,field,Royal Challengers Bengaluru,Kolkata Knight Riders,Royal Challengers Bengaluru,1,1,0,Kolkata Knight Riders vs Royal Challengers Bengaluru
392222,2009-05-12,2009,Punjab Kings,Mumbai Indians,SuperSport Park,Centurion,Punjab Kings,bat,Mumbai Indians,Punjab Kings,Mumbai Indians,0,1,0,Mumbai Indians vs Punjab Kings
392223,2009-05-13,2009,Deccan Chargers,Delhi Capitals,Kingsmead,Durban,Deccan Chargers,field,Deccan Chargers,Delhi Capitals,Delhi Capitals,0,0,1,Deccan Chargers vs Delhi Capitals
392224,2009-05-14,2009,Chennai Super Kings,Royal Challengers Bengaluru,Kingsmead,Durban,Chennai Super Kings,bat,Royal Challengers Bengaluru,Chennai Super Kings,Royal Challengers Bengaluru,0,1,0,Chennai Super Kings vs Royal Challengers Bengaluru
392225,2009-05-14,2009,Mumbai Indians,Rajasthan Royals,Kingsmead,Durban,Rajasthan Royals,bat,Mumbai Indians,Rajasthan Royals,Rajasthan Royals,1,0,1,Mumbai Indians vs Rajasthan Royals
392226,2009-05-15,2009,Delhi Capitals,Punjab Kings,OUTsurance Oval,Bloemfontein,Punjab Kings,field,Punjab Kings,Delhi Capitals,Punjab Kings,1,1,0,Delhi Capitals vs Punjab Kings
392227,2009-05-16,2009,Chennai Super Kings,Mumbai Indians,St George's Park,Port Elizabeth,Mumbai Indians,bat,Chennai Super Kings,Mumbai Indians,Chennai Super Kings,0,1,0,Chennai Super Kings vs Mumbai Indians
392228,2009-05-16,2009,Deccan Chargers,Kolkata Knight Riders,New Wanderers Stadium,Johannesburg,Deccan Chargers,field,Deccan Chargers,Kolkata Knight Riders,Deccan Chargers,1,1,0,Deccan Chargers vs Kolkata Knight Riders
392229,2009-05-17,2009,Deccan Chargers,Punjab Kings,New Wanderers Stadium,Johannesburg,Deccan Chargers,field,Deccan Chargers,Punjab Kings,Punjab Kings,0,0,1,Deccan Chargers vs Punjab Kings
392230,2009-05-17,2009,Delhi Capitals,Rajasthan Royals,OUTsurance Oval,Bloemfontein,Delhi Capitals,bat,Rajasthan Royals,Delhi Capitals,Delhi Capitals,1,0,1,Delhi Capitals vs Rajasthan Royals
392231,2009-05-18,2009,Chennai Super Kings,Kolkata Knight Riders,SuperSport Park,Centurion,Chennai Super Kings,bat,Kolkata Knight Riders,Chennai Super Kings,Kolkata Knight Riders,0,1,0,Chennai Super Kings vs Kolkata Knight Riders
392232,2009-05-19,2009,Delhi Capitals,Royal Challengers Bengaluru,New Wanderers Stadium,Johannesburg,Delhi Capitals,bat,Royal Challengers Bengaluru,Delhi Capitals,Royal Challengers Bengaluru,0,1,0,Delhi Capitals vs Royal Challengers Bengaluru
392233,2009-05-20,2009,Kolkata Knight Riders,Rajasthan Royals,Kingsmead,Durban,Kolkata Knight Riders,field,Kolkata Knight Riders,Rajasthan Royals,Kolkata Knight Riders,1,1,0,Kolkata Knight Riders vs Rajasthan Royals
392234,2009-05-20,2009,Chennai Super Kings,Punjab Kings,Kingsmead,Durban,Chennai Super Kings,bat,Punjab Kings,Chennai Super Kings,Chennai Super Kings,1,0,1,Chennai Super Kings vs Punjab Kings
392235,2009-05-21,2009,Delhi Capitals,Mumbai Indians,SuperSport Park,Centurion,Delhi Capitals,field,Delhi Capitals,Mumbai Indians,Delhi Capitals,1,1,0,Delhi Capitals vs Mumbai Indians
392236,2009-05-21,2009,Deccan Chargers,Royal Challengers Bengaluru,SuperSport Park,Centurion,Royal Challengers Bengaluru,bat,Deccan Chargers,Royal Challengers Bengaluru,Royal Challengers Bengaluru,1,0,1,Deccan Chargers vs Royal Challengers Bengaluru
392237,2009-05-22,2009,Deccan Chargers,Delhi Capitals,SuperSport Park,Centurion,Deccan Chargers,field,Deccan Chargers,Delhi Capitals,Deccan Chargers,1,1,0,Deccan Chargers vs Delhi Capitals
392238,2009-05-23,2009,Chennai Super Kings,Royal Challengers Bengaluru,New Wanderers Stadium,Johannesburg,Royal Challengers Bengaluru,field,Royal Challengers Bengaluru,Chennai Super Kings,Royal Challengers Bengaluru,1,1,0,Chennai Super Kings vs Royal Challengers Bengaluru
392239,2009-05-24,2009,Deccan Chargers,Royal Challengers Bengaluru,New Wanderers Stadium,Johannesburg,Royal Challengers Bengaluru,field,Royal Challengers Bengaluru,Deccan Chargers,Deccan Chargers,0,0,1,Deccan Chargers vs Royal Challengers Bengaluru
419106,2010-03-12,2009/10,Deccan Chargers,Kolkata Knight Riders,Dr DY Patil Sports Academy,Mumbai,Deccan Chargers,field,Deccan Chargers,Kolkata Knight Riders,Kolkata Knight Riders,0,0,1,Deccan Chargers vs Kolkata Knight Riders
419107,2010-03-13,2009/10,Mumbai Indians,Rajasthan Royals,Brabourne Stadium,Mumbai,Mumbai Indians,bat,Rajasthan Royals,Mumbai Indians,Mumbai Indians,1,0,1,Mumbai Indians vs Rajasthan Royals
419108,2010-03-13,2009/10,Delhi Capitals,Punjab Kings,Punjab Cricket Association Stadium,Chandigarh,Delhi Capitals,field,Delhi Capitals,Punjab Kings,Delhi Capitals,1,1,0,Delhi Capitals vs Punjab Kings
419109,2010-03-14,2009/10,Kolkata Knight Riders,Royal Challengers Bengaluru,Eden Gardens,Kolkata,Kolkata Knight Riders,field,Kolkata Knight Riders,Royal Challengers Bengaluru,Kolkata Knight Riders,1,1,0,Kolkata Knight Riders vs Royal Challengers Bengaluru
419110,2010-03-14,2009/10,Chennai Super Kings,Deccan Chargers,MA Chidambaram Stadium,Chennai,Deccan Chargers,bat,Chennai Super Kings,Deccan Chargers,Deccan Chargers,1,0,1,Chennai Super Kings vs Deccan Chargers
419111,2010-03-15,2009/10,Delhi Capitals,Rajasthan Royals,Sardar Patel Stadium,Ahmedabad,Delhi Capitals,field,Delhi Capitals,Rajasthan Royals,Delhi Capitals,1,1,0,Delhi Capitals vs Rajasthan Royals
419112,2010-03-16,2009/10,Punjab Kings,Royal Challengers Bengaluru,M Chinnaswamy Stadium,Bangalore,Punjab Kings,bat,Royal Challengers Bengaluru,Punjab Kings,Royal Challengers Bengaluru,0,1,0,Punjab Kings vs Royal Challengers Bengaluru
419113,2010-03-16,2009/10,Chennai Super Kings,Kolkata Knight Riders,Eden Gardens,Kolkata,Chennai Super Kings,bat,Kolkata Knight Riders,Chennai Super Kings,Chennai Super Kings,1,0,1,Chennai Super Kings vs Kolkata Knight Riders
419114,2010-03-17,2009/10,Delhi Capitals,Mumbai Indians,Feroz Shah Kotla,Delhi,Delhi Capitals,field,Delhi Capitals,Mumbai Indians,Mumbai Indians,0,0,1,Delhi Capitals vs Mumbai Indians
419115,2010-03-18,2009/10,Rajasthan Royals,Royal Challengers Bengaluru,M Chinnaswamy Stadium,Bangalore,Royal Challengers Bengaluru,field,Royal Challengers Bengaluru,Rajasthan Royals,Royal Challengers Bengaluru,1,1,0,Rajasthan Royals vs Royal Challengers Bengaluru
419116,2010-03-19,2009/10,Chennai Super Kings,Delhi Capitals,Feroz Shah Kotla,Delhi,Delhi Capitals,bat,Chennai Super Kings,Delhi Capitals,Chennai Super Kings,0,1,0,Chennai Super Kings vs Delhi Capitals
419117,2010-03-19,2009/10,Deccan Chargers,Punjab Kings,Barabati Stadium,Cuttack,Punjab Kings,field,Punjab Kings,Deccan Chargers,Deccan Chargers,0,0,1,Deccan Chargers vs Punjab Kings
419118,2010-03-20,2009/10,Kolkata Knight Riders,Rajasthan Royals,Sardar Patel Stadium,Ahmedabad,Rajasthan Royals,bat,Kolkata Knight Riders,Rajasthan Royals,Rajasthan Royals,1,0,1,Kolkata Knight Riders vs Rajasthan Royals
419119,2010-03-20,2009/10,Mumbai Indians,Royal Challengers Bengaluru,Brabourne Stadium,Mumbai,Mumbai Indians,bat,Royal Challengers Bengaluru,Mumbai Indians,Royal Challengers Bengaluru,0,1,0,Mumbai Indians vs Royal Challengers Bengaluru
419120,2010-03-21,2009/10,Deccan Chargers,Delhi Capitals,Barabati Stadium,Cuttack,Deccan Chargers,bat,Delhi Capitals,Deccan Chargers,Deccan Chargers,1,0,1,Deccan Chargers vs Delhi Capitals
419121,2010-03-21,2009/10,Chennai Super Kings,Punjab Kings,MA Chidambaram Stadium,Chennai,Chennai Super Kings,field,Chennai Super Kings,Punjab Kings,Unknown,0,0,0,Chennai Super Kings vs Punjab Kings
419122,2010-03-22,2009/10,Kolkata Knight Riders,Mumbai Indians,Brabourne Stadium,Mumbai,Kolkata Knight Riders,bat,Mumbai Indians,Kolkata Knight Riders,Mumbai Indians,0,1,0,Kolkata Knight Riders vs Mumbai Indians
419123,2010-03-23,2009/10,Chennai Super Kings,Royal Challengers Bengaluru,M Chinnaswamy Stadium,Bangalore,Chennai Super Kings,field,Chennai Super Kings,Royal Challengers Bengaluru,Royal Challengers Bengaluru,0,0,1,Chennai Super Kings vs Royal Challengers Bengaluru
419124,2010-03-24,2009/10,Punjab Kings,Rajasthan Royals,Punjab Cricket Association Stadium,Chandigarh,Punjab Kings,field,Punjab Kings,Rajasthan Royals,Rajasthan Royals,0,0,1,Punjab Kings vs Rajasthan Royals
419125,2010-03-25,2009/10,Chennai Super Kings,Mumbai Indians,Brabourne Stadium,Mumbai,Mumbai Indians,field,Mumbai Indians,Chennai Super Kings,Mumbai Indians,1,1,0,Chennai Super Kings vs Mumbai Indians
419128,2010-03-25,2009/10,Delhi Capitals,Royal Challengers Bengaluru,M Chinnaswamy Stadium,Bangalore,Royal Challengers Bengaluru,field,Royal Challengers Bengaluru,Delhi Capitals,Delhi Capitals,0,0,1,Delhi Capitals vs Royal Challengers Bengaluru
419126,2010-03-26,2009/10,Deccan Chargers,Rajasthan Royals,Sardar Patel Stadium,Ahmedabad,Deccan Chargers,bat,Rajasthan Royals,Deccan Chargers,Rajasthan Royals,0,1,0,Deccan Chargers vs Rajasthan Royals
419127,2010-03-27,2009/10,Punjab Kings,Kolkata Knight Riders,Punjab Cricket Association Stadium,Chandigarh,Kolkata Knight Riders,bat,Punjab Kings,Kolkata Knight Riders,Kolkata Knight Riders,1,0,1,Kolkata Knight Riders vs Punjab Kings
419129,2010-03-28,2009/10,Chennai Super Kings,Rajasthan Royals,Sardar Patel Stadium,Ahmedabad,Rajasthan Royals,bat,Chennai Super Kings,Rajasthan Royals,Rajasthan Royals,1,0,1,Chennai Super Kings vs Rajasthan Royals
419130,2010-03-28,2009/10,Deccan Chargers,Mumbai Indians,Dr DY Patil Sports Academy,Mumbai,Deccan Chargers,field,Deccan Chargers,Mumbai Indians,Mumbai Indians,0,0,1,Deccan Chargers vs Mumbai Indians
419131,2010-03-29,2009/10,Delhi Capitals,Kolkata Knight Riders,Feroz Shah Kotla,Delhi,Delhi Capitals,bat,Kolkata Knight Riders,Delhi Capitals,Delhi Capitals,1,0,1,Delhi Capitals vs Kolkata Knight Riders
419132,2010-03-30,2009/10,Punjab Kings,Mumbai Indians,Brabourne Stadium,Mumbai,Mumbai Indians,field,Mumbai Indians,Punjab Kings,Mumbai Indians,1,1,0,Mumbai Indians vs Punjab Kings
419134,2010-03-31,2009/10,Delhi Capitals,Rajasthan Royals,Feroz Shah Kotla,Delhi,Delhi Capitals,bat,Rajasthan Royals,Delhi Capitals,Delhi Capitals,1,0,1,Delhi Capitals vs Rajasthan Royals
419133,2010-03-31,2009/10,Chennai Super Kings,Royal Challengers Bengaluru,MA Chidambaram Stadium,Chennai,Royal Challengers Bengaluru,bat,Chennai Super Kings,Royal Challengers Bengaluru,Chennai Super Kings,0,1,0,Chennai Super Kings vs Royal Challengers Bengaluru
419135,2010-04-01,2009/10,Deccan Chargers,Kolkata Knight Riders,Eden Gardens,Kolkata,Kolkata Knight Riders,bat,Deccan Chargers,Kolkata Knight Riders,Kolkata Knight Riders,1,0,1,Deccan Chargers vs Kolkata Knight Riders
419136,2010-04-02,2009/10,Punjab Kings,Royal Challengers Bengaluru,Punjab Cricket Association Stadium,Chandigarh,Punjab Kings,bat,Royal Challengers Bengaluru,Punjab Kings,Royal Challengers Bengaluru,0,1,0,Punjab Kings vs Royal Challengers Bengaluru
419137,2010-04-03,2009/10,Chennai Super Kings,Rajasthan Royals,MA Chidambaram Stadium,Chennai,Chennai Super Kings,bat,Rajasthan Royals,Chennai Super Kings,Chennai Super Kings,1,0,1,Chennai Super Kings vs Rajasthan Royals
419138,2010-04-03,2009/10,Deccan Chargers,Mumbai Indians,Brabourne Stadium,Mumbai,Mumbai Indians,bat,Deccan Chargers,Mumbai Indians,Mumbai Indians,1,0,1,Deccan Chargers vs Mumbai Indians
419139,2010-04-04,2009/10,Punjab Kings,Kolkata Knight Riders,Eden Gardens,Kolkata,Kolkata Knight Riders,bat,Punjab Kings,Kolkata Knight Riders,Punjab Kings,0,1,0,Kolkata Knight Riders vs Punjab Kings
419140,2010-04-04,2009/10,Delhi Capitals,Royal Challengers Bengaluru,Feroz Shah Kotla,Delhi,Delhi Capitals,bat,Royal Challengers Bengaluru,Delhi Capitals,Delhi Capitals,1,0,1,Delhi Capitals vs Royal Challengers Bengaluru
419141,2010-04-05,2009/10,Deccan Chargers,Rajasthan Royals,Vidarbha Cricket Association Stadium,Nagpur,Rajasthan Royals,bat,Deccan Chargers,Rajasthan Royals,Rajasthan Royals,1,0,1,Deccan Chargers vs Rajasthan Royals
419142,2010-04-06,2009/10,Chennai Super Kings,Mumbai Indians,MA Chidambaram Stadium,Chennai,Chennai Super Kings,bat,Mumbai Indians,Chennai Super Kings,Chennai Super Kings,1,0,1,Chennai Super Kings vs Mumbai Indians
419143,2010-04-07,2009/10,Punjab Kings,Rajasthan Royals,Sawai Mansingh Stadium,Jaipur,Punjab Kings,bat,Rajasthan Royals,Punjab Kings,Rajasthan Royals,0,1,0,Punjab Kings vs Rajasthan Royals
419144,2010-04-07,2009/10,Delhi Capitals,Kolkata Knight Riders,Eden Gardens,Kolkata,Kolkata Knight Riders,bat,Delhi Capitals,Kolkata Knight Riders,Kolkata Knight Riders,1,0,1,Delhi Capitals vs Kolkata Knight Riders
419145,2010-04-08,2009/10,Deccan Chargers,Royal Challengers Bengaluru,M Chinnaswamy Stadium,Bangalore,Deccan Chargers,field,Deccan Chargers,Royal Challengers Bengaluru,Deccan Chargers,1,1,0,Deccan Chargers vs Royal Challengers Bengaluru
419146,2010-04-09,2009/10,Punjab Kings,Mumbai Indians,Punjab Cricket Association Stadium,Chandigarh,Mumbai Indians,bat,Punjab Kings,Mumbai Indians,Punjab Kings,0,1,0,Mumbai Indians vs Punjab Kings
419147,2010-04-10,2009/10,Chennai Super Kings,Deccan Chargers,Vidarbha Cricket Association Stadium,Nagpur,Chennai Super Kings,bat,Deccan Chargers,Chennai Super Kings,Deccan Chargers,0,1,0,Chennai Super Kings vs Deccan Chargers
419148,2010-04-10,2009/10,Kolkata Knight Riders,Royal Challengers Bengaluru,M Chinnaswamy Stadium,Bangalore,Royal Challengers Bengaluru,field,Royal Challengers Bengaluru,Kolkata Knight Riders,Royal Challengers Bengaluru,1,1,0,Kolkata Knight Riders vs Royal Challengers Bengaluru
419149,2010-04-11,2009/10,Delhi Capitals,Punjab Kings,Feroz Shah Kotla,Delhi,Delhi Capitals,bat,Punjab Kings,Delhi Capitals,Punjab Kings,0,1,0,Delhi Capitals vs Punjab Kings
419150,2010-04-11,2009/10,Mumbai Indians,Rajasthan Royals,Sawai Mansingh Stadium,Jaipur,Rajasthan Royals,field,Rajasthan Royals,Mumbai Indians,Mumbai Indians,0,0,1,Mumbai Indians vs Rajasthan Royals
419151,2010-04-12,2009/10,Deccan Chargers,Royal Challengers Bengaluru,Vidarbha Cricket Association Stadium,Nagpur,Royal Challengers Bengaluru,field,Royal Challengers Bengaluru,Deccan Chargers,Deccan Chargers,0,0,1,Deccan Chargers vs Royal Challengers Bengaluru
419153,2010-04-13,2009/10,Chennai Super Kings,Kolkata Knight Riders,MA Chidambaram Stadium,Chennai,Kolkata Knight Riders,bat,Chennai Super Kings,Kolkata Knight Riders,Chennai Super Kings,0,1,0,Chennai Super Kings vs Kolkata Knight Riders
419152,2010-04-13,2009/10,Delhi Capitals,Mumbai Indians,Brabourne Stadium,Mumbai,Mumbai Indians,bat,Delhi Capitals,Mumbai Indians,Mumbai Indians,1,0,1,Delhi Capitals vs Mumbai Indians
419154,2010-04-14,2009/10,Rajasthan Royals,Royal Challengers Bengaluru,Sawai Mansingh Stadium,Jaipur,Rajasthan Royals,bat,Royal Challengers Bengaluru,Rajasthan Royals,Royal Challengers Bengaluru,0,1,0,Rajasthan Royals vs Royal Challengers Bengaluru
419155,2010-04-15,2009/10,Chennai Super Kings,Delhi Capitals,MA Chidambaram Stadium,Chennai,Chennai Super Kings,bat,Delhi Capitals,Chennai Super Kings,Delhi Capitals,0,1,0,Chennai Super Kings vs Delhi Capitals
419156,2010-04-16,2009/10,Deccan Chargers,Punjab Kings,Himachal Pradesh Cricket Association Stadium,Dharamsala,Deccan Chargers,field,Deccan Chargers,Punjab Kings,Deccan Chargers,1,1,0,Deccan Chargers vs Punjab Kings
419157,2010-04-17,2009/10,Mumbai Indians,Royal Challengers Bengaluru,M Chinnaswamy Stadium,Bangalore,Royal Challengers Bengaluru,field,Royal Challengers Bengaluru,Mumbai Indians,Mumbai Indians,0,0,1,Mumbai Indians vs Royal Challengers Bengaluru
419158,2010-04-17,2009/10,Kolkata Knight Riders,Rajasthan Royals,Eden Gardens,Kolkata,Rajasthan Royals,bat,Kolkata Knight Riders,Rajasthan Royals,Kolkata Knight Riders,0,1,0,Kolkata Knight Riders vs Rajasthan Royals
419159,2010-04-18,2009/10,Chennai Super Kings,Punjab Kings,Himachal Pradesh Cricket Association Stadium,Dharamsala,Chennai Super Kings,field,Chennai Super Kings,Punjab Kings,Chennai Super Kings,1,1,0,Chennai Super Kings vs Punjab Kings
419160,2010-04-18,2009/10,Deccan Chargers,Delhi Capitals,Feroz Shah Kotla,Delhi,Deccan Chargers,bat,Delhi Capitals,Deccan Chargers,Deccan Chargers,1,0,1,Deccan Chargers vs Delhi Capitals
419161,2010-04-19,2009/10,Kolkata Knight Riders,Mumbai Indians,Eden Gardens,Kolkata,Mumbai Indians,bat,Kolkata Knight Riders,Mumbai Indians,Kolkata Knight Riders,0,1,0,Kolkata Knight Riders vs Mumbai Indians
419162,2010-04-21,2009/10,Mumbai Indians,Royal Challengers Bengaluru,Dr DY Patil Sports Academy,Mumbai,Mumbai Indians,bat,Royal Challengers Bengaluru,Mumbai Indians,Mumbai Indians,1,0,1,Mumbai Indians vs Royal Challengers Bengaluru
419163,2010-04-22,2009/10,Chennai Super Kings,Deccan Chargers,Dr DY Patil Sports Academy,Mumbai,Chennai Super Kings,bat,Deccan Chargers,Chennai Super Kings,Chennai Super Kings,1,0,1,Chennai Super Kings vs Deccan Chargers
419164,2010-04-24,2009/10,Deccan Chargers,Royal Challengers Bengaluru,Dr DY Patil Sports Academy,Mumbai,Deccan Chargers,bat,Royal Challengers Bengaluru,Deccan Chargers,Royal Challengers Bengaluru,0,1,0,Deccan Chargers vs Royal Challengers Bengaluru
419165,2010-04-25,2009/10,Chennai Super Kings,Mumbai Indians,Dr DY Patil Sports Academy,Mumbai,Chennai Super Kings,bat,Mumbai Indians,Chennai Super Kings,Chennai Super Kings,1,0,1,Chennai Super Kings vs Mumbai Indians
501198,2011-04-08,2011,Chennai Super Kings,Kolkata Knight Riders,MA Chidambaram Stadium,Chennai,Chennai Super Kings,bat,Kolkata Knight Riders,Chennai Super Kings,Chennai Super Kings,1,0,1,Chennai Super Kings vs Kolkata Knight Riders
501199,2011-04-09,2011,Deccan Chargers,Rajasthan Royals,Rajiv Gandhi International Stadium,Hyderabad,Rajasthan Royals,field,Rajasthan Royals,Deccan Chargers,Rajasthan Royals,1,1,0,Deccan Chargers vs Rajasthan Royals
501200,2011-04-09,2011,Kochi Tuskers Kerala,Royal Challengers Bengaluru,Nehru Stadium,Kochi,Kochi Tuskers Kerala,bat,Royal Challengers Bengaluru,Kochi Tuskers Kerala,Royal Challengers Bengaluru,0,1,0,Kochi Tuskers Kerala vs Royal Challengers Bengaluru
501201,2011-04-10,2011,Delhi Capitals,Mumbai Indians,Feroz Shah Kotla,Delhi,Delhi Capitals,bat,Mumbai Indians,Delhi Capitals,Mumbai Indians,0,1,0,Delhi Capitals vs Mumbai Indians
501202,2011-04-10,2011,Punjab Kings,Rising Pune Supergiants,Dr DY Patil Sports Academy,Mumbai,Punjab Kings,bat,Rising Pune Supergiants,Punjab Kings,Rising Pune Supergiants,0,1,0,Punjab Kings vs Rising Pune Supergiants
501203,2011-04-11,2011,Deccan Chargers,Kolkata Knight Riders,Eden Gardens,Kolkata,Kolkata Knight Riders,bat,Deccan Chargers,Kolkata Knight Riders,Kolkata Knight Riders,1,0,1,Deccan Chargers vs Kolkata Knight Riders
501205,2011-04-12,2011,Mumbai Indians,Royal Challengers Bengaluru,M Chinnaswamy Stadium,Bangalore,Mumbai Indians,field,Mumbai Indians,Royal Challengers Bengaluru,Mumbai Indians,1,1,0,Mumbai Indians vs Royal Challengers Bengaluru
501204,2011-04-12,2011,Delhi Capitals,Rajasthan Royals,Sawai Mansingh Stadium,Jaipur,Delhi Capitals,bat,Rajasthan Royals,Delhi Capitals,Rajasthan Royals,0,1,0,Delhi Capitals vs Rajasthan Royals
501206,2011-04-13,2011,Chennai Super Kings,Punjab Kings,Punjab Cricket Association Stadium,Chandigarh,Punjab Kings,field,Punjab Kings,Chennai Super Kings,Punjab Kings,1,1,0,Chennai Super Kings vs Punjab Kings
501207,2011-04-13,2011,Kochi Tuskers Kerala,Rising Pune Supergiants,Dr DY Patil Sports Academy,Mumbai,Kochi Tuskers Kerala,bat,Rising Pune Supergiants,Kochi Tuskers Kerala,Rising Pune Supergiants,0,1,0,Kochi Tuskers Kerala vs Rising Pune Supergiants
501208,2011-04-14,2011,Deccan Chargers,Royal Challengers Bengaluru,Rajiv Gandhi International Stadium,Hyderabad,Royal Challengers Bengaluru,field,Royal Challengers Bengaluru,Deccan Chargers,Deccan Chargers,0,0,1,Deccan Chargers vs Royal Challengers Bengaluru
501209,2011-04-15,2011,Kolkata Knight Riders,Rajasthan Royals,Sawai Mansingh Stadium,Jaipur,Kolkata Knight Riders,field,Kolkata Knight Riders,Rajasthan Royals,Kolkata Knight Riders,1,1,0,Kolkata Knight Riders vs Rajasthan Royals
501210,2011-04-15,2011,Kochi Tuskers Kerala,Mumbai Indians,Wankhede Stadium,Mumbai,Kochi Tuskers Kerala,field,Kochi Tuskers Kerala,Mumbai Indians,Kochi Tuskers Kerala,1,1,0,Kochi Tuskers Kerala vs Mumbai Indians
501211,2011-04-16,2011,Chennai Super Kings,Royal Challengers Bengaluru,MA Chidambaram Stadium,Chennai,Chennai Super Kings,bat,Royal Challengers Bengaluru,Chennai Super Kings,Chennai Super Kings,1,0,1,Chennai Super Kings vs Royal Challengers Bengaluru
501212,2011-04-16,2011,Deccan Chargers,Punjab Kings,Rajiv Gandhi International Stadium,Hyderabad,Punjab Kings,field,Punjab Kings,Deccan Chargers,Punjab Kings,1,1,0,Deccan Chargers vs Punjab Kings
501214,2011-04-17,2011,Kolkata Knight Riders,Rajasthan Royals,Eden Gardens,Kolkata,Kolkata Knight Riders,field,Kolkata Knight Riders,Rajasthan Royals,Kolkata Knight Riders,1,1,0,Kolkata Knight Riders vs Rajasthan Royals
501213,2011-04-17,2011,Delhi Capitals,Rising Pune Supergiants,Dr DY Patil Sports Academy,Mumbai,Delhi Capitals,field,Delhi Capitals,Rising Pune Supergiants,Delhi Capitals,1,1,0,Delhi Capitals vs Rising Pune Supergiants
501215,2011-04-18,2011,Chennai Super Kings,Kochi Tuskers Kerala,Nehru Stadium,Kochi,Kochi Tuskers Kerala,field,Kochi Tuskers Kerala,Chennai Super Kings,Kochi Tuskers Kerala,1,1,0,Chennai Super Kings vs Kochi Tuskers Kerala
501216,2011-04-19,2011,Deccan Chargers,Delhi Capitals,Feroz Shah Kotla,Delhi,Deccan Chargers,bat,Delhi Capitals,Deccan Chargers,Deccan Chargers,1,0,1,Deccan Chargers vs Delhi Capitals
501218,2011-04-20,2011,Mumbai Indians,Rising Pune Supergiants,Wankhede Stadium,Mumbai,Rising Pune Supergiants,bat,Mumbai Indians,Rising Pune Supergiants,Mumbai Indians,0,1,0,Mumbai Indians vs Rising Pune Supergiants
501219,2011-04-20,2011,Kochi Tuskers Kerala,Kolkata Knight Riders,Eden Gardens,Kolkata,Kolkata Knight Riders,field,Kolkata Knight Riders,Kochi Tuskers Kerala,Kochi Tuskers Kerala,0,0,1,Kochi Tuskers Kerala vs Kolkata Knight Riders
501220,2011-04-21,2011,Punjab Kings,Rajasthan Royals,Punjab Cricket Association Stadium,Chandigarh,Rajasthan Royals,field,Rajasthan Royals,Punjab Kings,Punjab Kings,0,0,1,Punjab Kings vs Rajasthan Royals
501222,2011-04-22,2011,Kolkata Knight Riders,Royal Challengers Bengaluru,Eden Gardens,Kolkata,Royal Challengers Bengaluru,field,Royal Challengers Bengaluru,Kolkata Knight Riders,Royal Challengers Bengaluru,1,1,0,Kolkata Knight Riders vs Royal Challengers Bengaluru
501221,2011-04-22,2011,Chennai Super Kings,Mumbai Indians,Wankhede Stadium,Mumbai,Chennai Super Kings,field,Chennai Super Kings,Mumbai Indians,Mumbai Indians,0,0,1,Chennai Super Kings vs Mumbai Indians
501223,2011-04-23,2011,Delhi Capitals,Punjab Kings,Feroz Shah Kotla,Delhi,Punjab Kings,field,Punjab Kings,Delhi Capitals,Delhi Capitals,0,0,1,Delhi Capitals vs Punjab Kings
501225,2011-04-24,2011,Kochi Tuskers Kerala,Rajasthan Royals,Sawai Mansingh Stadium,Jaipur,Rajasthan Royals,field,Rajasthan Royals,Kochi Tuskers Kerala,Rajasthan Royals,1,1,0,Kochi Tuskers Kerala vs Rajasthan Royals
501224,2011-04-24,2011,Deccan Chargers,Mumbai Indians,Rajiv Gandhi International Stadium,Hyderabad,Deccan Chargers,field,Deccan Chargers,Mumbai Indians,Mumbai Indians,0,0,1,Deccan Chargers vs Mumbai Indians
501226,2011-04-25,2011,Chennai Super Kings,Rising Pune Supergiants,MA Chidambaram Stadium,Chennai,Rising Pune Supergiants,field,Rising Pune Supergiants,Chennai Super Kings,Chennai Super Kings,0,0,1,Chennai Super Kings vs Rising Pune Supergiants
501227,2011-04-26,2011,Delhi Capitals,Royal Challengers Bengaluru,Feroz Shah Kotla,Delhi,Royal Challengers Bengaluru,field,Royal Challengers Bengaluru,Delhi Capitals,Royal Challengers Bengaluru,1,1,0,Delhi Capitals vs Royal Challengers Bengaluru
501228,2011-04-27,2011,Chennai Super Kings,Rising Pune Supergiants,Dr DY Patil Sports Academy,Mumbai,Rising Pune Supergiants,bat,Chennai Super Kings,Rising Pune Supergiants,Chennai Super Kings,0,1,0,Chennai Super Kings vs Rising Pune Supergiants
501229,2011-04-27,2011,Deccan Chargers,Kochi Tuskers Kerala,Nehru Stadium,Kochi,Kochi Tuskers Kerala,field,Kochi Tuskers Kerala,Deccan Chargers,Deccan Chargers,0,0,1,Deccan Chargers vs Kochi Tuskers Kerala
501230,2011-04-28,2011,Delhi Capitals,Kolkata Knight Riders,Feroz Shah Kotla,Delhi,Delhi Capitals,field,Delhi Capitals,Kolkata Knight Riders,Kolkata Knight Riders,0,0,1,Delhi Capitals vs Kolkata Knight Riders
501231,2011-04-29,2011,Mumbai Indians,Rajasthan Royals,Sawai Mansingh Stadium,Jaipur,Rajasthan Royals,field,Rajasthan Royals,Mumbai Indians,Rajasthan Royals,1,1,0,Mumbai Indians vs Rajasthan Royals
501232,2011-04-29,2011,Rising Pune Supergiants,Royal Challengers Bengaluru,M Chinnaswamy Stadium,Bangalore,Rising Pune Supergiants,field,Rising Pune Supergiants,Royal Challengers Bengaluru,Royal Challengers Bengaluru,0,0,1,Rising Pune Supergiants vs Royal Challengers Bengaluru
501233,2011-04-30,2011,Delhi Capitals,Kochi Tuskers Kerala,Nehru Stadium,Kochi,Delhi Capitals,bat,Kochi Tuskers Kerala,Delhi Capitals,Delhi Capitals,1,0,1,Delhi Capitals vs Kochi Tuskers Kerala
501234,2011-04-30,2011,Punjab Kings,Kolkata Knight Riders,Eden Gardens,Kolkata,Kolkata Knight Riders,field,Kolkata Knight Riders,Punjab Kings,Kolkata Knight Riders,1,1,0,Kolkata Knight Riders vs Punjab Kings
501235,2011-05-01,2011,Rising Pune Supergiants,Rajasthan Royals,Sawai Mansingh Stadium,Jaipur,Rajasthan Royals,field,Rajasthan Royals,Rising Pune Supergiants,Rajasthan Royals,1,1,0,Rajasthan Royals vs Rising Pune Supergiants
501236,2011-05-01,2011,Chennai Super Kings,Deccan Chargers,MA Chidambaram Stadium,Chennai,Chennai Super Kings,bat,Deccan Chargers,Chennai Super Kings,Chennai Super Kings,1,0,1,Chennai Super Kings vs Deccan Chargers
501238,2011-05-02,2011,Delhi Capitals,Kochi Tuskers Kerala,Feroz Shah Kotla,Delhi,Kochi Tuskers Kerala,field,Kochi Tuskers Kerala,Delhi Capitals,Kochi Tuskers Kerala,1,1,0,Delhi Capitals vs Kochi Tuskers Kerala
501237,2011-05-02,2011,Punjab Kings,Mumbai Indians,Wankhede Stadium,Mumbai,Punjab Kings,field,Punjab Kings,Mumbai Indians,Mumbai Indians,0,0,1,Mumbai Indians vs Punjab Kings
501239,2011-05-03,2011,Deccan Chargers,Kolkata Knight Riders,Rajiv Gandhi International Stadium,Hyderabad,Deccan Chargers,field,Deccan Chargers,Kolkata Knight Riders,Kolkata Knight Riders,0,0,1,Deccan Chargers vs Kolkata Knight Riders
501240,2011-05-04,2011,Chennai Super Kings,Rajasthan Royals,MA Chidambaram Stadium,Chennai,Rajasthan Royals,bat,Chennai Super Kings,Rajasthan Royals,Chennai Super Kings,0,1,0,Chennai Super Kings vs Rajasthan Royals
501241,2011-05-04,2011,Mumbai Indians,Rising Pune Supergiants,Dr DY Patil Sports Academy,Mumbai,Rising Pune Supergiants,field,Rising Pune Supergiants,Mumbai Indians,Mumbai Indians,0,0,1,Mumbai Indians vs Rising Pune Supergiants
501243,2011-05-05,2011,Deccan Chargers,Delhi Capitals,Rajiv Gandhi International Stadium,Hyderabad,Delhi Capitals,field,Delhi Capitals,Deccan Chargers,Delhi Capitals,1,1,0,Deccan Chargers vs Delhi Capitals
501242,2011-05-05,2011,Kochi Tuskers Kerala,Kolkata Knight Riders,Nehru Stadium,Kochi,Kolkata Knight Riders,field,Kolkata Knight Riders,Kochi Tuskers Kerala,Kochi Tuskers Kerala,0,0,1,Kochi Tuskers Kerala vs Kolkata Knight Riders
501244,2011-05-06,2011,Punjab Kings,Royal Challengers Bengaluru,M Chinnaswamy Stadium,Bangalore,Punjab Kings,field,Punjab Kings,Royal Challengers Bengaluru,Royal Challengers Bengaluru,0,0,1,Punjab Kings vs Royal Challengers Bengaluru
501245,2011-05-07,2011,Chennai Super Kings,Kolkata Knight Riders,Eden Gardens,Kolkata,Chennai Super Kings,bat,Kolkata Knight Riders,Chennai Super Kings,Kolkata Knight Riders,0,1,0,Chennai Super Kings vs Kolkata Knight Riders
501246,2011-05-07,2011,Delhi Capitals,Mumbai Indians,Wankhede Stadium,Mumbai,Delhi Capitals,field,Delhi Capitals,Mumbai Indians,Mumbai Indians,0,0,1,Delhi Capitals vs Mumbai Indians
501247,2011-05-08,2011,Kochi Tuskers Kerala,Royal Challengers Bengaluru,M Chinnaswamy Stadium,Bangalore,Kochi Tuskers Kerala,bat,Royal Challengers Bengaluru,Kochi Tuskers Kerala,Royal Challengers Bengaluru,0,1,0,Kochi Tuskers Kerala vs Royal Challengers Bengaluru
501248,2011-05-08,2011,Punjab Kings,Rising Pune Supergiants,Punjab Cricket Association Stadium,Chandigarh,Punjab Kings,bat,Rising Pune Supergiants,Punjab Kings,Rising Pune Supergiants,0,1,0,Punjab Kings vs Rising Pune Supergiants
501249,2011-05-09,2011,Chennai Super Kings,Rajasthan Royals,Sawai Mansingh Stadium,Jaipur,Rajasthan Royals,field,Rajasthan Royals,Chennai Super Kings,Chennai Super Kings,0,0,1,Chennai Super Kings vs Rajasthan Royals
501250,2011-05-10,2011,Deccan Chargers,Rising Pune Supergiants,Rajiv Gandhi International Stadium,Hyderabad,Deccan Chargers,bat,Rising Pune Supergiants,Deccan Chargers,Rising Pune Supergiants,0,1,0,Deccan Chargers vs Rising Pune Supergiants
501251,2011-05-10,2011,Punjab Kings,Mumbai Indians,Punjab Cricket Association Stadium,Chandigarh,Mumbai Indians,field,Mumbai Indians,Punjab Kings,Punjab Kings,0,0,1,Mumbai Indians vs Punjab Kings
501252,2011-05-11,2011,Rajasthan Royals,Royal Challengers Bengaluru,Sawai Mansingh Stadium,Jaipur,Royal Challengers Bengaluru,field,Royal Challengers Bengaluru,Rajasthan Royals,Royal Challengers Bengaluru,1,1,0,Rajasthan Royals vs Royal Challengers Bengaluru
501253,2011-05-12,2011,Chennai Super Kings,Delhi Capitals,MA Chidambaram Stadium,Chennai,Chennai Super Kings,bat,Delhi Capitals,Chennai Super Kings,Chennai Super Kings,1,0,1,Chennai Super Kings vs Delhi Capitals
501254,2011-05-13,2011,Punjab Kings,Kochi Tuskers Kerala,Holkar Cricket Stadium,Indore,Punjab Kings,field,Punjab Kings,Kochi Tuskers Kerala,Punjab Kings,1,1,0,Kochi Tuskers Kerala vs Punjab Kings
501255,2011-05-14,2011,Kolkata Knight Riders,Royal Challengers Bengaluru,M Chinnaswamy Stadium,Bangalore,Royal Challengers Bengaluru,field,Royal Challengers Bengaluru,Kolkata Knight Riders,Royal Challengers Bengaluru,1,1,0,Kolkata Knight Riders vs Royal Challengers Bengaluru
501256,2011-05-14,2011,Deccan Chargers,Mumbai Indians,Wankhede Stadium,Mumbai,Deccan Chargers,bat,Mumbai Indians,Deccan Chargers,Deccan Chargers,1,0,1,Deccan Chargers vs Mumbai Indians
501258,2011-05-15,2011,Kochi Tuskers Kerala,Rajasthan Royals,Holkar Cricket Stadium,Indore,Kochi Tuskers Kerala,field,Kochi Tuskers Kerala,Rajasthan Royals,Kochi Tuskers Kerala,1,1,0,Kochi Tuskers Kerala vs Rajasthan Royals
501257,2011-05-15,2011,Delhi Capitals,Punjab Kings,Himachal Pradesh Cricket Association Stadium,Dharamsala,Delhi Capitals,field,Delhi Capitals,Punjab Kings,Punjab Kings,0,0,1,Delhi Capitals vs Punjab Kings
501259,2011-05-16,2011,Deccan Chargers,Rising Pune Supergiants,Dr DY Patil Sports Academy,Mumbai,Deccan Chargers,field,Deccan Chargers,Rising Pune Supergiants,Deccan Chargers,1,1,0,Deccan Chargers vs Rising Pune Supergiants
501260,2011-05-17,2011,Punjab Kings,Royal Challengers Bengaluru,Himachal Pradesh Cricket Association Stadium,Dharamsala,Punjab Kings,bat,Royal Challengers Bengaluru,Punjab Kings,Punjab Kings,1,0,1,Punjab Kings vs Royal Challengers Bengaluru
501261,2011-05-18,2011,Chennai Super Kings,Kochi Tuskers Kerala,MA Chidambaram Stadium,Chennai,Chennai Super Kings,bat,Kochi Tuskers Kerala,Chennai Super Kings,Chennai Super Kings,1,0,1,Chennai Super Kings vs Kochi Tuskers Kerala
501262,2011-05-19,2011,Kolkata Knight Riders,Rising Pune Supergiants,Dr DY Patil Sports Academy,Mumbai,Kolkata Knight Riders,field,Kolkata Knight Riders,Rising Pune Supergiants,Kolkata Knight Riders,1,1,0,Kolkata Knight Riders vs Rising Pune Supergiants
501263,2011-05-20,2011,Mumbai Indians,Rajasthan Royals,Wankhede Stadium,Mumbai,Mumbai Indians,bat,Rajasthan Royals,Mumbai Indians,Rajasthan Royals,0,1,0,Mumbai Indians vs Rajasthan Royals
501264,2011-05-21,2011,Deccan Chargers,Punjab Kings,Himachal Pradesh Cricket Association Stadium,Dharamsala,Punjab Kings,field,Punjab Kings,Deccan Chargers,Deccan Chargers,0,0,1,Deccan Chargers vs Punjab Kings
501265,2011-05-21,2011,Delhi Capitals,Rising Pune Supergiants,Feroz Shah Kotla,Delhi,Delhi Capitals,bat,Rising Pune Supergiants,Delhi Capitals,Unknown,0,0,0,Delhi Capitals vs Rising Pune Supergiants
501266,2011-05-22,2011,Chennai Super Kings,Royal Challengers Bengaluru,M Chinnaswamy Stadium,Bangalore,Royal Challengers Bengaluru,field,Royal Challengers Bengaluru,Chennai Super Kings,Royal Challengers Bengaluru,1,1,0,Chennai Super Kings vs Royal Challengers Bengaluru
501267,2011-05-22,2011,Kolkata Knight Riders,Mumbai Indians,Eden Gardens,Kolkata,Mumbai Indians,field,Mumbai Indians,Kolkata Knight Riders,Mumbai Indians,1,1,0,Kolkata Knight Riders vs Mumbai Indians
501268,2011-05-24,2011,Chennai Super Kings,Royal Challengers Bengaluru,Wankhede Stadium,Mumbai,Chennai Super Kings,field,Chennai Super Kings,Royal Challengers Bengaluru,Chennai Super Kings,1,1,0,Chennai Super Kings vs Royal Challengers Bengaluru
501269,2011-05-25,2011,Kolkata Knight Riders,Mumbai Indians,Wankhede Stadium,Mumbai,Mumbai Indians,field,Mumbai Indians,Kolkata Knight Riders,Mumbai Indians,1,1,0,Kolkata Knight Riders vs Mumbai Indians
501270,2011-05-27,2011,Mumbai Indians,Royal Challengers Bengaluru,MA Chidambaram Stadium,Chennai,Mumbai Indians,field,Mumbai Indians,Royal Challengers Bengaluru,Royal Challengers Bengaluru,0,0,1,Mumbai Indians vs Royal Challengers Bengaluru
501271,2011-05-28,2011,Chennai Super Kings,Royal Challengers Bengaluru,MA Chidambaram Stadium,Chennai,Chennai Super Kings,bat,Royal Challengers Bengaluru,Chennai Super Kings,Chennai Super Kings,1,0,1,Chennai Super Kings vs Royal Challengers Bengaluru
548306,2012-04-04,2012,Chennai Super Kings,Mumbai Indians,MA Chidambaram Stadium,Chennai,Mumbai Indians,field,Mumbai Indians,Chennai Super Kings,Mumbai Indians,1,1,0,Chennai Super Kings vs Mumbai Indians
548307,2012-04-05,2012,Delhi Capitals,Kolkata Knight Riders,Eden Gardens,Kolkata,Delhi Capitals,field,Delhi Capitals,Kolkata Knight Riders,Delhi Capitals,1,1,0,Delhi Capitals vs Kolkata Knight Riders
548308,2012-04-06,2012,Mumbai Indians,Rising Pune Supergiants,Wankhede Stadium,Mumbai,Mumbai Indians,field,Mumbai Indians,Rising Pune Supergiants,Rising Pune Supergiants,0,0,1,Mumbai Indians vs Rising Pune Supergiants
548309,2012-04-06,2012,Punjab Kings,Rajasthan Royals,Sawai Mansingh Stadium,Jaipur,Punjab Kings,field,Punjab Kings,Rajasthan Royals,Rajasthan Royals,0,0,1,Punjab Kings vs Rajasthan Royals
548311,2012-04-07,2012,Chennai Super Kings,Deccan Chargers,Dr. Y.S. Rajasekhara Reddy ACA-VDCA Cricket Stadium,Visakhapatnam,Deccan Chargers,field,Deccan Chargers,Chennai Super Kings,Chennai Super Kings,0,0,1,Chennai Super Kings vs Deccan Chargers
548310,2012-04-07,2012,Delhi Capitals,Royal Challengers Bengaluru,M Chinnaswamy Stadium,Bangalore,Delhi Capitals,field,Delhi Capitals,Royal Challengers Bengaluru,Royal Challengers Bengaluru,0,0,1,Delhi Capitals vs Royal Challengers Bengaluru
548313,2012-04-08,2012,Punjab Kings,Rising Pune Supergiants,Subrata Roy Sahara Stadium,Pune,Rising Pune Supergiants,bat,Punjab Kings,Rising Pune Supergiants,Rising Pune Supergiants,1,0,1,Punjab Kings vs Rising Pune Supergiants
548312,2012-04-08,2012,Kolkata Knight Riders,Rajasthan Royals,Sawai Mansingh Stadium,Jaipur,Kolkata Knight Riders,field,Kolkata Knight Riders,Rajasthan Royals,Rajasthan Royals,0,0,1,Kolkata Knight Riders vs Rajasthan Royals
548314,2012-04-09,2012,Deccan Chargers,Mumbai Indians,Dr. Y.S. Rajasekhara Reddy ACA-VDCA Cricket Stadium,Visakhapatnam,Deccan Chargers,bat,Mumbai Indians,Deccan Chargers,Mumbai Indians,0,1,0,Deccan Chargers vs Mumbai Indians
548315,2012-04-10,2012,Kolkata Knight Riders,Royal Challengers Bengaluru,M Chinnaswamy Stadium,Bangalore,Royal Challengers Bengaluru,field,Royal Challengers Bengaluru,Kolkata Knight Riders,Kolkata Knight Riders,0,0,1,Kolkata Knight Riders vs Royal Challengers Bengaluru
548316,2012-04-10,2012,Chennai Super Kings,Delhi Capitals,Feroz Shah Kotla,Delhi,Delhi Capitals,field,Delhi Capitals,Chennai Super Kings,Delhi Capitals,1,1,0,Chennai Super Kings vs Delhi Capitals
548317,2012-04-11,2012,Mumbai Indians,Rajasthan Royals,Wankhede Stadium,Mumbai,Rajasthan Royals,field,Rajasthan Royals,Mumbai Indians,Mumbai Indians,0,0,1,Mumbai Indians vs Rajasthan Royals
548318,2012-04-12,2012,Chennai Super Kings,Royal Challengers Bengaluru,MA Chidambaram Stadium,Chennai,Royal Challengers Bengaluru,bat,Chennai Super Kings,Royal Challengers Bengaluru,Chennai Super Kings,0,1,0,Chennai Super Kings vs Royal Challengers Bengaluru
548319,2012-04-12,2012,Punjab Kings,Rising Pune Supergiants,Punjab Cricket Association Stadium,Chandigarh,Punjab Kings,field,Punjab Kings,Rising Pune Supergiants,Punjab Kings,1,1,0,Punjab Kings vs Rising Pune Supergiants
548320,2012-04-13,2012,Kolkata Knight Riders,Rajasthan Royals,Eden Gardens,Kolkata,Rajasthan Royals,bat,Kolkata Knight Riders,Rajasthan Royals,Kolkata Knight Riders,0,1,0,Kolkata Knight Riders vs Rajasthan Royals
548322,2012-04-14,2012,Chennai Super Kings,Rising Pune Supergiants,Subrata Roy Sahara Stadium,Pune,Chennai Super Kings,bat,Rising Pune Supergiants,Chennai Super Kings,Rising Pune Supergiants,0,1,0,Chennai Super Kings vs Rising Pune Supergiants
548323,2012-04-15,2012,Punjab Kings,Kolkata Knight Riders,Eden Gardens,Kolkata,Kolkata Knight Riders,field,Kolkata Knight Riders,Punjab Kings,Punjab Kings,0,0,1,Kolkata Knight Riders vs Punjab Kings
548324,2012-04-15,2012,Rajasthan Royals,Royal Challengers Bengaluru,M Chinnaswamy Stadium,Bangalore,Rajasthan Royals,bat,Royal Challengers Bengaluru,Rajasthan Royals,Rajasthan Royals,1,0,1,Rajasthan Royals vs Royal Challengers Bengaluru
548325,2012-04-16,2012,Delhi Capitals,Mumbai Indians,Wankhede Stadium,Mumbai,Delhi Capitals,field,Delhi Capitals,Mumbai Indians,Delhi Capitals,1,1,0,Delhi Capitals vs Mumbai Indians
548327,2012-04-17,2012,Rising Pune Supergiants,Royal Challengers Bengaluru,M Chinnaswamy Stadium,Bangalore,Rising Pune Supergiants,bat,Royal Challengers Bengaluru,Rising Pune Supergiants,Royal Challengers Bengaluru,0,1,0,Rising Pune Supergiants vs Royal Challengers Bengaluru
548326,2012-04-17,2012,Deccan Chargers,Rajasthan Royals,Sawai Mansingh Stadium,Jaipur,Deccan Chargers,bat,Rajasthan Royals,Deccan Chargers,Rajasthan Royals,0,1,0,Deccan Chargers vs Rajasthan Royals
548328,2012-04-18,2012,Punjab Kings,Kolkata Knight Riders,Punjab Cricket Association Stadium,Chandigarh,Punjab Kings,bat,Kolkata Knight Riders,Punjab Kings,Kolkata Knight Riders,0,1,0,Kolkata Knight Riders vs Punjab Kings
548321,2012-04-19,2012,Deccan Chargers,Delhi Capitals,Feroz Shah Kotla,Delhi,Deccan Chargers,bat,Delhi Capitals,Deccan Chargers,Delhi Capitals,0,1,0,Deccan Chargers vs Delhi Capitals
548330,2012-04-19,2012,Chennai Super Kings,Rising Pune Supergiants,MA Chidambaram Stadium,Chennai,Rising Pune Supergiants,field,Rising Pune Supergiants,Chennai Super Kings,Chennai Super Kings,0,0,1,Chennai Super Kings vs Rising Pune Supergiants
548331,2012-04-20,2012,Punjab Kings,Royal Challengers Bengaluru,Punjab Cricket Association Stadium,Chandigarh,Royal Challengers Bengaluru,field,Royal Challengers Bengaluru,Punjab Kings,Royal Challengers Bengaluru,1,1,0,Punjab Kings vs Royal Challengers Bengaluru
548332,2012-04-21,2012,Chennai Super Kings,Rajasthan Royals,MA Chidambaram Stadium,Chennai,Rajasthan Royals,bat,Chennai Super Kings,Rajasthan Royals,Chennai Super Kings,0,1,0,Chennai Super Kings vs Rajasthan Royals
548333,2012-04-21,2012,Delhi Capitals,Rising Pune Supergiants,Feroz Shah Kotla,Delhi,Delhi Capitals,field,Delhi Capitals,Rising Pune Supergiants,Rising Pune Supergiants,0,0,1,Delhi Capitals vs Rising Pune Supergiants
548334,2012-04-22,2012,Punjab Kings,Mumbai Indians,Wankhede Stadium,Mumbai,Mumbai Indians,bat,Punjab Kings,Mumbai Indians,Punjab Kings,0,1,0,Mumbai Indians vs Punjab Kings
548335,2012-04-22,2012,Deccan Chargers,Kolkata Knight Riders,Barabati Stadium,Cuttack,Kolkata Knight Riders,field,Kolkata Knight Riders,Deccan Chargers,Kolkata Knight Riders,1,1,0,Deccan Chargers vs Kolkata Knight Riders
548336,2012-04-23,2012,Rajasthan Royals,Royal Challengers Bengaluru,Sawai Mansingh Stadium,Jaipur,Rajasthan Royals,field,Rajasthan Royals,Royal Challengers Bengaluru,Royal Challengers Bengaluru,0,0,1,Rajasthan Royals vs Royal Challengers Bengaluru
548337,2012-04-24,2012,Delhi Capitals,Rising Pune Supergiants,Subrata Roy Sahara Stadium,Pune,Rising Pune Supergiants,bat,Delhi Capitals,Rising Pune Supergiants,Delhi Capitals,0,1,0,Delhi Capitals vs Rising Pune Supergiants
548339,2012-04-25,2012,Punjab Kings,Mumbai Indians,Punjab Cricket Association Stadium,Chandigarh,Punjab Kings,bat,Mumbai Indians,Punjab Kings,Mumbai Indians,0,1,0,Mumbai Indians vs Punjab Kings
548341,2012-04-26,2012,Deccan Chargers,Rising Pune Supergiants,Subrata Roy Sahara Stadium,Pune,Deccan Chargers,bat,Rising Pune Supergiants,Deccan Chargers,Deccan Chargers,1,0,1,Deccan Chargers vs Rising Pune Supergiants
548342,2012-04-27,2012,Delhi Capitals,Mumbai Indians,Feroz Shah Kotla,Delhi,Mumbai Indians,field,Mumbai Indians,Delhi Capitals,Delhi Capitals,0,0,1,Delhi Capitals vs Mumbai Indians
548344,2012-04-28,2012,Kolkata Knight Riders,Royal Challengers Bengaluru,Eden Gardens,Kolkata,Kolkata Knight Riders,bat,Royal Challengers Bengaluru,Kolkata Knight Riders,Kolkata Knight Riders,1,0,1,Kolkata Knight Riders vs Royal Challengers Bengaluru
548343,2012-04-28,2012,Chennai Super Kings,Punjab Kings,MA Chidambaram Stadium,Chennai,Punjab Kings,bat,Chennai Super Kings,Punjab Kings,Punjab Kings,1,0,1,Chennai Super Kings vs Punjab Kings
548345,2012-04-29,2012,Delhi Capitals,Rajasthan Royals,Feroz Shah Kotla,Delhi,Delhi Capitals,bat,Rajasthan Royals,Delhi Capitals,Delhi Capitals,1,0,1,Delhi Capitals vs Rajasthan Royals
548346,2012-04-29,2012,Deccan Chargers,Mumbai Indians,Wankhede Stadium,Mumbai,Mumbai Indians,field,Mumbai Indians,Deccan Chargers,Mumbai Indians,1,1,0,Deccan Chargers vs Mumbai Indians
548347,2012-04-30,2012,Chennai Super Kings,Kolkata Knight Riders,MA Chidambaram Stadium,Chennai,Chennai Super Kings,bat,Kolkata Knight Riders,Chennai Super Kings,Kolkata Knight Riders,0,1,0,Chennai Super Kings vs Kolkata Knight Riders
548348,2012-05-01,2012,Deccan Chargers,Rising Pune Supergiants,Barabati Stadium,Cuttack,Deccan Chargers,bat,Rising Pune Supergiants,Deccan Chargers,Deccan Chargers,1,0,1,Deccan Chargers vs Rising Pune Supergiants
548349,2012-05-01,2012,Delhi Capitals,Rajasthan Royals,Sawai Mansingh Stadium,Jaipur,Rajasthan Royals,bat,Delhi Capitals,Rajasthan Royals,Delhi Capitals,0,1,0,Delhi Capitals vs Rajasthan Royals
548350,2012-05-02,2012,Punjab Kings,Royal Challengers Bengaluru,M Chinnaswamy Stadium,Bangalore,Punjab Kings,field,Punjab Kings,Royal Challengers Bengaluru,Punjab Kings,1,1,0,Punjab Kings vs Royal Challengers Bengaluru
548351,2012-05-03,2012,Mumbai Indians,Rising Pune Supergiants,Subrata Roy Sahara Stadium,Pune,Mumbai Indians,bat,Rising Pune Supergiants,Mumbai Indians,Mumbai Indians,1,0,1,Mumbai Indians vs Rising Pune Supergiants
548352,2012-05-04,2012,Chennai Super Kings,Deccan Chargers,MA Chidambaram Stadium,Chennai,Chennai Super Kings,bat,Deccan Chargers,Chennai Super Kings,Chennai Super Kings,1,0,1,Chennai Super Kings vs Deccan Chargers
548353,2012-05-05,2012,Kolkata Knight Riders,Rising Pune Supergiants,Eden Gardens,Kolkata,Kolkata Knight Riders,bat,Rising Pune Supergiants,Kolkata Knight Riders,Kolkata Knight Riders,1,0,1,Kolkata Knight Riders vs Rising Pune Supergiants
548354,2012-05-05,2012,Punjab Kings,Rajasthan Royals,Punjab Cricket Association Stadium,Chandigarh,Rajasthan Royals,bat,Punjab Kings,Rajasthan Royals,Rajasthan Royals,1,0,1,Punjab Kings vs Rajasthan Royals
548355,2012-05-06,2012,Chennai Super Kings,Mumbai Indians,Wankhede Stadium,Mumbai,Mumbai Indians,field,Mumbai Indians,Chennai Super Kings,Mumbai Indians,1,1,0,Chennai Super Kings vs Mumbai Indians
548356,2012-05-06,2012,Deccan Chargers,Royal Challengers Bengaluru,M Chinnaswamy Stadium,Bangalore,Royal Challengers Bengaluru,field,Royal Challengers Bengaluru,Deccan Chargers,Royal Challengers Bengaluru,1,1,0,Deccan Chargers vs Royal Challengers Bengaluru
548357,2012-05-07,2012,Delhi Capitals,Kolkata Knight Riders,Feroz Shah Kotla,Delhi,Delhi Capitals,bat,Kolkata Knight Riders,Delhi Capitals,Kolkata Knight Riders,0,1,0,Delhi Capitals vs Kolkata Knight Riders
548359,2012-05-08,2012,Deccan Chargers,Punjab Kings,Rajiv Gandhi International Stadium,Hyderabad,Deccan Chargers,field,Deccan Chargers,Punjab Kings,Punjab Kings,0,0,1,Deccan Chargers vs Punjab Kings
548358,2012-05-08,2012,Rising Pune Supergiants,Rajasthan Royals,Subrata Roy Sahara Stadium,Pune,Rising Pune Supergiants,bat,Rajasthan Royals,Rising Pune Supergiants,Rajasthan Royals,0,1,0,Rajasthan Royals vs Rising Pune Supergiants
548360,2012-05-09,2012,Mumbai Indians,Royal Challengers Bengaluru,Wankhede Stadium,Mumbai,Royal Challengers Bengaluru,field,Royal Challengers Bengaluru,Mumbai Indians,Royal Challengers Bengaluru,1,1,0,Mumbai Indians vs Royal Challengers Bengaluru
548329,2012-05-10,2012,Deccan Chargers,Delhi Capitals,Rajiv Gandhi International Stadium,Hyderabad,Deccan Chargers,bat,Delhi Capitals,Deccan Chargers,Delhi Capitals,0,1,0,Deccan Chargers vs Delhi Capitals
548361,2012-05-10,2012,Chennai Super Kings,Rajasthan Royals,Sawai Mansingh Stadium,Jaipur,Chennai Super Kings,field,Chennai Super Kings,Rajasthan Royals,Chennai Super Kings,1,1,0,Chennai Super Kings vs Rajasthan Royals
548362,2012-05-11,2012,Rising Pune Supergiants,Royal Challengers Bengaluru,Subrata Roy Sahara Stadium,Pune,Rising Pune Supergiants,field,Rising Pune Supergiants,Royal Challengers Bengaluru,Royal Challengers Bengaluru,0,0,1,Rising Pune Supergiants vs Royal Challengers Bengaluru
548363,2012-05-12,2012,Kolkata Knight Riders,Mumbai Indians,Eden Gardens,Kolkata,Mumbai Indians,bat,Kolkata Knight Riders,Mumbai Indians,Mumbai Indians,1,0,1,Kolkata Knight Riders vs Mumbai Indians
548364,2012-05-12,2012,Chennai Super Kings,Delhi Capitals,MA Chidambaram Stadium,Chennai,Chennai Super Kings,field,Chennai Super Kings,Delhi Capitals,Chennai Super Kings,1,1,0,Chennai Super Kings vs Delhi Capitals
548365,2012-05-13,2012,Rising Pune Supergiants,Rajasthan Royals,Sawai Mansingh Stadium,Jaipur,Rajasthan Royals,bat,Rising Pune Supergiants,Rajasthan Royals,Rajasthan Royals,1,0,1,Rajasthan Royals vs Rising Pune Supergiants
548366,2012-05-13,2012,Deccan Chargers,Punjab Kings,Punjab Cricket Association Stadium,Chandigarh,Deccan Chargers,bat,Punjab Kings,Deccan Chargers,Punjab Kings,0,1,0,Deccan Chargers vs Punjab Kings
548367,2012-05-14,2012,Mumbai Indians,Royal Challengers Bengaluru,M Chinnaswamy Stadium,Bangalore,Mumbai Indians,field,Mumbai Indians,Royal Challengers Bengaluru,Mumbai Indians,1,1,0,Mumbai Indians vs Royal Challengers Bengaluru
548368,2012-05-14,2012,Chennai Super Kings,Kolkata Knight Riders,Eden Gardens,Kolkata,Chennai Super Kings,field,Chennai Super Kings,Kolkata Knight Riders,Chennai Super Kings,1,1,0,Chennai Super Kings vs Kolkata Knight Riders
548369,2012-05-15,2012,Delhi Capitals,Punjab Kings,Feroz Shah Kotla,Delhi,Punjab Kings,bat,Delhi Capitals,Punjab Kings,Delhi Capitals,0,1,0,Delhi Capitals vs Punjab Kings
548370,2012-05-16,2012,Kolkata Knight Riders,Mumbai Indians,Wankhede Stadium,Mumbai,Mumbai Indians,field,Mumbai Indians,Kolkata Knight Riders,Kolkata Knight Riders,0,0,1,Kolkata Knight Riders vs Mumbai Indians
548371,2012-05-17,2012,Chennai Super Kings,Punjab Kings,Himachal Pradesh Cricket Association Stadium,Dharamsala,Punjab Kings,field,Punjab Kings,Chennai Super Kings,Punjab Kings,1,1,0,Chennai Super Kings vs Punjab Kings
548372,2012-05-17,2012,Delhi Capitals,Royal Challengers Bengaluru,Feroz Shah Kotla,Delhi,Delhi Capitals,field,Delhi Capitals,Royal Challengers Bengaluru,Royal Challengers Bengaluru,0,0,1,Delhi Capitals vs Royal Challengers Bengaluru
548373,2012-05-18,2012,Deccan Chargers,Rajasthan Royals,Rajiv Gandhi International Stadium,Hyderabad,Rajasthan Royals,bat,Deccan Chargers,Rajasthan Royals,Deccan Chargers,0,1,0,Deccan Chargers vs Rajasthan Royals
548374,2012-05-19,2012,Delhi Capitals,Punjab Kings,Himachal Pradesh Cricket Association Stadium,Dharamsala,Delhi Capitals,field,Delhi Capitals,Punjab Kings,Delhi Capitals,1,1,0,Delhi Capitals vs Punjab Kings
548375,2012-05-19,2012,Kolkata Knight Riders,Rising Pune Supergiants,Subrata Roy Sahara Stadium,Pune,Kolkata Knight Riders,bat,Rising Pune Supergiants,Kolkata Knight Riders,Kolkata Knight Riders,1,0,1,Kolkata Knight Riders vs Rising Pune Supergiants
548376,2012-05-20,2012,Deccan Chargers,Royal Challengers Bengaluru,Rajiv Gandhi International Stadium,Hyderabad,Royal Challengers Bengaluru,field,Royal Challengers Bengaluru,Deccan Chargers,Deccan Chargers,0,0,1,Deccan Chargers vs Royal Challengers Bengaluru
548377,2012-05-20,2012,Mumbai Indians,Rajasthan Royals,Sawai Mansingh Stadium,Jaipur,Rajasthan Royals,bat,Mumbai Indians,Rajasthan Royals,Mumbai Indians,0,1,0,Mumbai Indians vs Rajasthan Royals
548378,2012-05-22,2012,Delhi Capitals,Kolkata Knight Riders,Subrata Roy Sahara Stadium,Pune,Kolkata Knight Riders,bat,Delhi Capitals,Kolkata Knight Riders,Kolkata Knight Riders,1,0,1,Delhi Capitals vs Kolkata Knight Riders
548379,2012-05-23,2012,Chennai Super Kings,Mumbai Indians,M Chinnaswamy Stadium,Bangalore,Mumbai Indians,field,Mumbai Indians,Chennai Super Kings,Chennai Super Kings,0,0,1,Chennai Super Kings vs Mumbai Indians
548380,2012-05-25,2012,Chennai Super Kings,Delhi Capitals,MA Chidambaram Stadium,Chennai,Delhi Capitals,field,Delhi Capitals,Chennai Super Kings,Chennai Super Kings,0,0,1,Chennai Super Kings vs Delhi Capitals
548381,2012-05-27,2012,Chennai Super Kings,Kolkata Knight Riders,MA Chidambaram Stadium,Chennai,Chennai Super Kings,bat,Kolkata Knight Riders,Chennai Super Kings,Kolkata Knight Riders,0,1,0,Chennai Super Kings vs Kolkata Knight Riders
597998,2013-04-03,2013,Delhi Capitals,Kolkata Knight Riders,Eden Gardens,Kolkata,Kolkata Knight Riders,field,Kolkata Knight Riders,Delhi Capitals,Kolkata Knight Riders,1,1,0,Delhi Capitals vs Kolkata Knight Riders
597999,2013-04-04,2013,Mumbai Indians,Royal Challengers Bengaluru,M Chinnaswamy Stadium,Bangalore,Mumbai Indians,field,Mumbai Indians,Royal Challengers Bengaluru,Royal Challengers Bengaluru,0,0,1,Mumbai Indians vs Royal Challengers Bengaluru
598000,2013-04-05,2013,Rising Pune Supergiants,Sunrisers Hyderabad,Rajiv Gandhi International Stadium,Hyderabad,Rising Pune Supergiants,field,Rising Pune Supergiants,Sunrisers Hyderabad,Sunrisers Hyderabad,0,0,1,Rising Pune Supergiants vs Sunrisers Hyderabad
598001,2013-04-06,2013,Delhi Capitals,Rajasthan Royals,Feroz Shah Kotla,Delhi,Rajasthan Royals,bat,Delhi Capitals,Rajasthan Royals,Rajasthan Royals,1,0,1,Delhi Capitals vs Rajasthan Royals
598002,2013-04-06,2013,Chennai Super Kings,Mumbai Indians,MA Chidambaram Stadium,Chennai,Mumbai Indians,bat,Chennai Super Kings,Mumbai Indians,Mumbai Indians,1,0,1,Chennai Super Kings vs Mumbai Indians
598003,2013-04-07,2013,Punjab Kings,Rising Pune Supergiants,Subrata Roy Sahara Stadium,Pune,Rising Pune Supergiants,bat,Punjab Kings,Rising Pune Supergiants,Punjab Kings,0,1,0,Punjab Kings vs Rising Pune Supergiants
598004,2013-04-07,2013,Royal Challengers Bengaluru,Sunrisers Hyderabad,Rajiv Gandhi International Stadium,Hyderabad,Royal Challengers Bengaluru,bat,Sunrisers Hyderabad,Royal Challengers Bengaluru,Unknown,0,0,0,Royal Challengers Bengaluru vs Sunrisers Hyderabad
598005,2013-04-08,2013,Kolkata Knight Riders,Rajasthan Royals,Sawai Mansingh Stadium,Jaipur,Kolkata Knight Riders,field,Kolkata Knight Riders,Rajasthan Royals,Rajasthan Royals,0,0,1,Kolkata Knight Riders vs Rajasthan Royals
598048,2013-04-09,2013,Royal Challengers Bengaluru,Sunrisers Hyderabad,M Chinnaswamy Stadium,Bangalore,Sunrisers Hyderabad,bat,Royal Challengers Bengaluru,Sunrisers Hyderabad,Royal Challengers Bengaluru,0,1,0,Royal Challengers Bengaluru vs Sunrisers Hyderabad
598006,2013-04-09,2013,Delhi Capitals,Mumbai Indians,Wankhede Stadium,Mumbai,Mumbai Indians,bat,Delhi Capitals,Mumbai Indians,Mumbai Indians,1,0,1,Delhi Capitals vs Mumbai Indians
598007,2013-04-10,2013,Chennai Super Kings,Punjab Kings,Punjab Cricket Association Stadium,Chandigarh,Chennai Super Kings,field,Chennai Super Kings,Punjab Kings,Chennai Super Kings,1,1,0,Chennai Super Kings vs Punjab Kings
598008,2013-04-11,2013,Kolkata Knight Riders,Royal Challengers Bengaluru,M Chinnaswamy Stadium,Bangalore,Royal Challengers Bengaluru,field,Royal Challengers Bengaluru,Kolkata Knight Riders,Royal Challengers Bengaluru,1,1,0,Kolkata Knight Riders vs Royal Challengers Bengaluru
598009,2013-04-11,2013,Rising Pune Supergiants,Rajasthan Royals,Subrata Roy Sahara Stadium,Pune,Rajasthan Royals,bat,Rising Pune Supergiants,Rajasthan Royals,Rising Pune Supergiants,0,1,0,Rajasthan Royals vs Rising Pune Supergiants
598010,2013-04-12,2013,Delhi Capitals,Sunrisers Hyderabad,Feroz Shah Kotla,Delhi,Delhi Capitals,bat,Sunrisers Hyderabad,Delhi Capitals,Sunrisers Hyderabad,0,1,0,Delhi Capitals vs Sunrisers Hyderabad
598011,2013-04-13,2013,Mumbai Indians,Rising Pune Supergiants,Wankhede Stadium,Mumbai,Mumbai Indians,bat,Rising Pune Supergiants,Mumbai Indians,Mumbai Indians,1,0,1,Mumbai Indians vs Rising Pune Supergiants
598012,2013-04-13,2013,Chennai Super Kings,Royal Challengers Bengaluru,MA Chidambaram Stadium,Chennai,Chennai Super Kings,field,Chennai Super Kings,Royal Challengers Bengaluru,Chennai Super Kings,1,1,0,Chennai Super Kings vs Royal Challengers Bengaluru
598013,2013-04-14,2013,Kolkata Knight Riders,Sunrisers Hyderabad,Eden Gardens,Kolkata,Kolkata Knight Riders,bat,Sunrisers Hyderabad,Kolkata Knight Riders,Kolkata Knight Riders,1,0,1,Kolkata Knight Riders vs Sunrisers Hyderabad
598014,2013-04-14,2013,Punjab Kings,Rajasthan Royals,Sawai Mansingh Stadium,Jaipur,Rajasthan Royals,field,Rajasthan Royals,Punjab Kings,Rajasthan Royals,1,1,0,Punjab Kings vs Rajasthan Royals
598015,2013-04-15,2013,Chennai Super Kings,Rising Pune Supergiants,MA Chidambaram Stadium,Chennai,Rising Pune Supergiants,bat,Chennai Super Kings,Rising Pune Supergiants,Rising Pune Supergiants,1,0,1,Chennai Super Kings vs Rising Pune Supergiants
598016,2013-04-16,2013,Punjab Kings,Kolkata Knight Riders,Punjab Cricket Association Stadium,Chandigarh,Kolkata Knight Riders,field,Kolkata Knight Riders,Punjab Kings,Punjab Kings,0,0,1,Kolkata Knight Riders vs Punjab Kings
598017,2013-04-16,2013,Delhi Capitals,Royal Challengers Bengaluru,M Chinnaswamy Stadium,Bangalore,Royal Challengers Bengaluru,field,Royal Challengers Bengaluru,Delhi Capitals,Unknown,0,0,0,Delhi Capitals vs Royal Challengers Bengaluru
598018,2013-04-17,2013,Rising Pune Supergiants,Sunrisers Hyderabad,Maharashtra Cricket Association Stadium,Pune,Rising Pune Supergiants,field,Rising Pune Supergiants,Sunrisers Hyderabad,Sunrisers Hyderabad,0,0,1,Rising Pune Supergiants vs Sunrisers Hyderabad
598019,2013-04-17,2013,Mumbai Indians,Rajasthan Royals,Sawai Mansingh Stadium,Jaipur,Rajasthan Royals,bat,Mumbai Indians,Rajasthan Royals,Rajasthan Royals,1,0,1,Mumbai Indians vs Rajasthan Royals
598020,2013-04-18,2013,Chennai Super Kings,Delhi Capitals,Feroz Shah Kotla,Delhi,Chennai Super Kings,bat,Delhi Capitals,Chennai Super Kings,Chennai Super Kings,1,0,1,Chennai Super Kings vs Delhi Capitals
598021,2013-04-19,2013,Punjab Kings,Sunrisers Hyderabad,Rajiv Gandhi International Stadium,Hyderabad,Punjab Kings,bat,Sunrisers Hyderabad,Punjab Kings,Sunrisers Hyderabad,0,1,0,Punjab Kings vs Sunrisers Hyderabad
598023,2013-04-20,2013,Rajasthan Royals,Royal Challengers Bengaluru,M Chinnaswamy Stadium,Bangalore,Royal Challengers Bengaluru,field,Royal Challengers Bengaluru,Rajasthan Royals,Royal Challengers Bengaluru,1,1,0,Rajasthan Royals vs Royal Challengers Bengaluru
598022,2013-04-20,2013,Chennai Super Kings,Kolkata Knight Riders,Eden Gardens,Kolkata,Kolkata Knight Riders,bat,Chennai Super Kings,Kolkata Knight Riders,Chennai Super Kings,0,1,0,Chennai Super Kings vs Kolkata Knight Riders
598024,2013-04-21,2013,Delhi Capitals,Mumbai Indians,Feroz Shah Kotla,Delhi,Mumbai Indians,bat,Delhi Capitals,Mumbai Indians,Delhi Capitals,0,1,0,Delhi Capitals vs Mumbai Indians
598025,2013-04-21,2013,Punjab Kings,Rising Pune Supergiants,Punjab Cricket Association Stadium,Chandigarh,Punjab Kings,field,Punjab Kings,Rising Pune Supergiants,Punjab Kings,1,1,0,Punjab Kings vs Rising Pune Supergiants
598026,2013-04-22,2013,Chennai Super Kings,Rajasthan Royals,MA Chidambaram Stadium,Chennai,Rajasthan Royals,bat,Chennai Super Kings,Rajasthan Royals,Chennai Super Kings,0,1,0,Chennai Super Kings vs Rajasthan Royals
598027,2013-04-23,2013,Rising Pune Supergiants,Royal Challengers Bengaluru,M Chinnaswamy Stadium,Bangalore,Rising Pune Supergiants,field,Rising Pune Supergiants,Royal Challengers Bengaluru,Royal Challengers Bengaluru,0,0,1,Rising Pune Supergiants vs Royal Challengers Bengaluru
598059,2013-04-23,2013,Delhi Capitals,Punjab Kings,Feroz Shah Kotla,Delhi,Punjab Kings,field,Punjab Kings,Delhi Capitals,Punjab Kings,1,1,0,Delhi Capitals vs Punjab Kings
598029,2013-04-24,2013,Kolkata Knight Riders,Mumbai Indians,Eden Gardens,Kolkata,Kolkata Knight Riders,bat,Mumbai Indians,Kolkata Knight Riders,Mumbai Indians,0,1,0,Kolkata Knight Riders vs Mumbai Indians
598030,2013-04-25,2013,Chennai Super Kings,Sunrisers Hyderabad,MA Chidambaram Stadium,Chennai,Sunrisers Hyderabad,bat,Chennai Super Kings,Sunrisers Hyderabad,Chennai Super Kings,0,1,0,Chennai Super Kings vs Sunrisers Hyderabad
598031,2013-04-26,2013,Punjab Kings,Kolkata Knight Riders,Eden Gardens,Kolkata,Punjab Kings,bat,Kolkata Knight Riders,Punjab Kings,Kolkata Knight Riders,0,1,0,Kolkata Knight Riders vs Punjab Kings
598032,2013-04-27,2013,Rajasthan Royals,Sunrisers Hyderabad,Sawai Mansingh Stadium,Jaipur,Sunrisers Hyderabad,bat,Rajasthan Royals,Sunrisers Hyderabad,Rajasthan Royals,0,1,0,Rajasthan Royals vs Sunrisers Hyderabad
598033,2013-04-27,2013,Mumbai Indians,Royal Challengers Bengaluru,Wankhede Stadium,Mumbai,Mumbai Indians,bat,Royal Challengers Bengaluru,Mumbai Indians,Mumbai Indians,1,0,1,Mumbai Indians vs Royal Challengers Bengaluru
598034,2013-04-28,2013,Chennai Super Kings,Kolkata Knight Riders,MA Chidambaram Stadium,Chennai,Kolkata Knight Riders,field,Kolkata Knight Riders,Chennai Super Kings,Chennai Super Kings,0,0,1,Chennai Super Kings vs Kolkata Knight Riders
598035,2013-04-28,2013,Delhi Capitals,Rising Pune Supergiants,Shaheed Veer Narayan Singh International Stadium,Raipur,Rising Pune Supergiants,field,Rising Pune Supergiants,Delhi Capitals,Delhi Capitals,0,0,1,Delhi Capitals vs Rising Pune Supergiants
598036,2013-04-29,2013,Rajasthan Royals,Royal Challengers Bengaluru,Sawai Mansingh Stadium,Jaipur,Rajasthan Royals,field,Rajasthan Royals,Royal Challengers Bengaluru,Rajasthan Royals,1,1,0,Rajasthan Royals vs Royal Challengers Bengaluru
598037,2013-04-29,2013,Punjab Kings,Mumbai Indians,Wankhede Stadium,Mumbai,Mumbai Indians,bat,Punjab Kings,Mumbai Indians,Mumbai Indians,1,0,1,Mumbai Indians vs Punjab Kings
598038,2013-04-30,2013,Chennai Super Kings,Rising Pune Supergiants,Subrata Roy Sahara Stadium,Pune,Chennai Super Kings,bat,Rising Pune Supergiants,Chennai Super Kings,Chennai Super Kings,1,0,1,Chennai Super Kings vs Rising Pune Supergiants
598039,2013-05-01,2013,Mumbai Indians,Sunrisers Hyderabad,Rajiv Gandhi International Stadium,Hyderabad,Mumbai Indians,bat,Sunrisers Hyderabad,Mumbai Indians,Sunrisers Hyderabad,0,1,0,Mumbai Indians vs Sunrisers Hyderabad
598040,2013-05-01,2013,Delhi Capitals,Kolkata Knight Riders,Shaheed Veer Narayan Singh International Stadium,Raipur,Kolkata Knight Riders,bat,Delhi Capitals,Kolkata Knight Riders,Delhi Capitals,0,1,0,Delhi Capitals vs Kolkata Knight Riders
598041,2013-05-02,2013,Chennai Super Kings,Punjab Kings,MA Chidambaram Stadium,Chennai,Chennai Super Kings,bat,Punjab Kings,Chennai Super Kings,Chennai Super Kings,1,0,1,Chennai Super Kings vs Punjab Kings
598042,2013-05-02,2013,Rising Pune Supergiants,Royal Challengers Bengaluru,Subrata Roy Sahara Stadium,Pune,Royal Challengers Bengaluru,bat,Rising Pune Supergiants,Royal Challengers Bengaluru,Royal Challengers Bengaluru,1,0,1,Rising Pune Supergiants vs Royal Challengers Bengaluru
598043,2013-05-03,2013,Kolkata Knight Riders,Rajasthan Royals,Eden Gardens,Kolkata,Rajasthan Royals,bat,Kolkata Knight Riders,Rajasthan Royals,Kolkata Knight Riders,0,1,0,Kolkata Knight Riders vs Rajasthan Royals
598044,2013-05-04,2013,Delhi Capitals,Sunrisers Hyderabad,Rajiv Gandhi International Stadium,Hyderabad,Delhi Capitals,bat,Sunrisers Hyderabad,Delhi Capitals,Sunrisers Hyderabad,0,1,0,Delhi Capitals vs Sunrisers Hyderabad
598046,2013-05-05,2013,Chennai Super Kings,Mumbai Indians,Wankhede Stadium,Mumbai,Mumbai Indians,bat,Chennai Super Kings,Mumbai Indians,Mumbai Indians,1,0,1,Chennai Super Kings vs Mumbai Indians
598047,2013-05-05,2013,Rising Pune Supergiants,Rajasthan Royals,Sawai Mansingh Stadium,Jaipur,Rising Pune Supergiants,bat,Rajasthan Royals,Rising Pune Supergiants,Rajasthan Royals,0,1,0,Rajasthan Royals vs Rising Pune Supergiants
598064,2013-05-06,2013,Punjab Kings,Royal Challengers Bengaluru,Punjab Cricket Association Stadium,Chandigarh,Punjab Kings,field,Punjab Kings,Royal Challengers Bengaluru,Punjab Kings,1,1,0,Punjab Kings vs Royal Challengers Bengaluru
598049,2013-05-07,2013,Delhi Capitals,Rajasthan Royals,Sawai Mansingh Stadium,Jaipur,Delhi Capitals,bat,Rajasthan Royals,Delhi Capitals,Rajasthan Royals,0,1,0,Delhi Capitals vs Rajasthan Royals
598050,2013-05-07,2013,Kolkata Knight Riders,Mumbai Indians,Wankhede Stadium,Mumbai,Mumbai Indians,bat,Kolkata Knight Riders,Mumbai Indians,Mumbai Indians,1,0,1,Kolkata Knight Riders vs Mumbai Indians
598051,2013-05-08,2013,Chennai Super Kings,Sunrisers Hyderabad,Rajiv Gandhi International Stadium,Hyderabad,Sunrisers Hyderabad,field,Sunrisers Hyderabad,Chennai Super Kings,Chennai Super Kings,0,0,1,Chennai Super Kings vs Sunrisers Hyderabad
598052,2013-05-09,2013,Punjab Kings,Rajasthan Royals,Punjab Cricket Association Stadium,Chandigarh,Rajasthan Royals,field,Rajasthan Royals,Punjab Kings,Rajasthan Royals,1,1,0,Punjab Kings vs Rajasthan Royals
598053,2013-05-09,2013,Kolkata Knight Riders,Rising Pune Supergiants,Subrata Roy Sahara Stadium,Pune,Kolkata Knight Riders,bat,Rising Pune Supergiants,Kolkata Knight Riders,Kolkata Knight Riders,1,0,1,Kolkata Knight Riders vs Rising Pune Supergiants
598054,2013-05-10,2013,Delhi Capitals,Royal Challengers Bengaluru,Feroz Shah Kotla,Delhi,Delhi Capitals,field,Delhi Capitals,Royal Challengers Bengaluru,Royal Challengers Bengaluru,0,0,1,Delhi Capitals vs Royal Challengers Bengaluru
598055,2013-05-11,2013,Mumbai Indians,Rising Pune Supergiants,Subrata Roy Sahara Stadium,Pune,Rising Pune Supergiants,bat,Mumbai Indians,Rising Pune Supergiants,Mumbai Indians,0,1,0,Mumbai Indians vs Rising Pune Supergiants
598056,2013-05-11,2013,Punjab Kings,Sunrisers Hyderabad,Punjab Cricket Association Stadium,Chandigarh,Punjab Kings,field,Punjab Kings,Sunrisers Hyderabad,Sunrisers Hyderabad,0,0,1,Punjab Kings vs Sunrisers Hyderabad
598057,2013-05-12,2013,Kolkata Knight Riders,Royal Challengers Bengaluru,JSCA International Stadium Complex,Ranchi,Kolkata Knight Riders,field,Kolkata Knight Riders,Royal Challengers Bengaluru,Kolkata Knight Riders,1,1,0,Kolkata Knight Riders vs Royal Challengers Bengaluru
598058,2013-05-12,2013,Chennai Super Kings,Rajasthan Royals,Sawai Mansingh Stadium,Jaipur,Rajasthan Royals,field,Rajasthan Royals,Chennai Super Kings,Rajasthan Royals,1,1,0,Chennai Super Kings vs Rajasthan Royals
598060,2013-05-13,2013,Mumbai Indians,Sunrisers Hyderabad,Wankhede Stadium,Mumbai,Sunrisers Hyderabad,bat,Mumbai Indians,Sunrisers Hyderabad,Mumbai Indians,0,1,0,Mumbai Indians vs Sunrisers Hyderabad
598062,2013-05-14,2013,Chennai Super Kings,Delhi Capitals,MA Chidambaram Stadium,Chennai,Chennai Super Kings,bat,Delhi Capitals,Chennai Super Kings,Chennai Super Kings,1,0,1,Chennai Super Kings vs Delhi Capitals
598045,2013-05-14,2013,Punjab Kings,Royal Challengers Bengaluru,M Chinnaswamy Stadium,Bangalore,Punjab Kings,field,Punjab Kings,Royal Challengers Bengaluru,Punjab Kings,1,1,0,Punjab Kings vs Royal Challengers Bengaluru
598061,2013-05-15,2013,Kolkata Knight Riders,Rising Pune Supergiants,JSCA International Stadium Complex,Ranchi,Kolkata Knight Riders,field,Kolkata Knight Riders,Rising Pune Supergiants,Rising Pune Supergiants,0,0,1,Kolkata Knight Riders vs Rising Pune Supergiants
598063,2013-05-15,2013,Mumbai Indians,Rajasthan Royals,Wankhede Stadium,Mumbai,Rajasthan Royals,field,Rajasthan Royals,Mumbai Indians,Mumbai Indians,0,0,1,Mumbai Indians vs Rajasthan Royals
598028,2013-05-16,2013,Delhi Capitals,Punjab Kings,Himachal Pradesh Cricket Association Stadium,Dharamsala,Delhi Capitals,field,Delhi Capitals,Punjab Kings,Punjab Kings,0,0,1,Delhi Capitals vs Punjab Kings
598065,2013-05-17,2013,Rajasthan Royals,Sunrisers Hyderabad,Rajiv Gandhi International Stadium,Hyderabad,Sunrisers Hyderabad,bat,Rajasthan Royals,Sunrisers Hyderabad,Sunrisers Hyderabad,1,0,1,Rajasthan Royals vs Sunrisers Hyderabad
598066,2013-05-18,2013,Punjab Kings,Mumbai Indians,Himachal Pradesh Cricket Association Stadium,Dharamsala,Mumbai Indians,field,Mumbai Indians,Punjab Kings,Punjab Kings,0,0,1,Mumbai Indians vs Punjab Kings
598068,2013-05-18,2013,Chennai Super Kings,Royal Challengers Bengaluru,M Chinnaswamy Stadium,Bangalore,Chennai Super Kings,field,Chennai Super Kings,Royal Challengers Bengaluru,Royal Challengers Bengaluru,0,0,1,Chennai Super Kings vs Royal Challengers Bengaluru
598069,2013-05-19,2013,Kolkata Knight Riders,Sunrisers Hyderabad,Rajiv Gandhi International Stadium,Hyderabad,Kolkata Knight Riders,bat,Sunrisers Hyderabad,Kolkata Knight Riders,Sunrisers Hyderabad,0,1,0,Kolkata Knight Riders vs Sunrisers Hyderabad
598067,2013-05-19,2013,Delhi Capitals,Rising Pune Supergiants,Subrata Roy Sahara Stadium,Pune,Rising Pune Supergiants,bat,Delhi Capitals,Rising Pune Supergiants,Rising Pune Supergiants,1,0,1,Delhi Capitals vs Rising Pune Supergiants
598070,2013-05-21,2013,Chennai Super Kings,Mumbai Indians,Feroz Shah Kotla,Delhi,Chennai Super Kings,bat,Mumbai Indians,Chennai Super Kings,Chennai Super Kings,1,0,1,Chennai Super Kings vs Mumbai Indians
598071,2013-05-22,2013,Rajasthan Royals,Sunrisers Hyderabad,Feroz Shah Kotla,Delhi,Sunrisers Hyderabad,bat,Rajasthan Royals,Sunrisers Hyderabad,Rajasthan Royals,0,1,0,Rajasthan Royals vs Sunrisers Hyderabad
598072,2013-05-24,2013,Mumbai Indians,Rajasthan Royals,Eden Gardens,Kolkata,Rajasthan Royals,bat,Mumbai Indians,Rajasthan Royals,Mumbai Indians,0,1,0,Mumbai Indians vs Rajasthan Royals
598073,2013-05-26,2013,Chennai Super Kings,Mumbai Indians,Eden Gardens,Kolkata,Mumbai Indians,bat,Chennai Super Kings,Mumbai Indians,Mumbai Indians,1,0,1,Chennai Super Kings vs Mumbai Indians
729279,2014-04-16,2014,Kolkata Knight Riders,Mumbai Indians,Sheikh Zayed Stadium,Abu Dhabi,Kolkata Knight Riders,bat,Mumbai Indians,Kolkata Knight Riders,Kolkata Knight Riders,1,0,1,Kolkata Knight Riders vs Mumbai Indians
729281,2014-04-17,2014,Delhi Capitals,Royal Challengers Bengaluru,Sharjah Cricket Stadium,Unknown,Royal Challengers Bengaluru,field,Royal Challengers Bengaluru,Delhi Capitals,Royal Challengers Bengaluru,1,1,0,Delhi Capitals vs Royal Challengers Bengaluru
729285,2014-04-18,2014,Rajasthan Royals,Sunrisers Hyderabad,Sheikh Zayed Stadium,Abu Dhabi,Rajasthan Royals,field,Rajasthan Royals,Sunrisers Hyderabad,Rajasthan Royals,1,1,0,Rajasthan Royals vs Sunrisers Hyderabad
729283,2014-04-18,2014,Chennai Super Kings,Punjab Kings,Sheikh Zayed Stadium,Abu Dhabi,Chennai Super Kings,bat,Punjab Kings,Chennai Super Kings,Punjab Kings,0,1,0,Chennai Super Kings vs Punjab Kings
729287,2014-04-19,2014,Mumbai Indians,Royal Challengers Bengaluru,Dubai International Cricket Stadium,Unknown,Royal Challengers Bengaluru,field,Royal Challengers Bengaluru,Mumbai Indians,Royal Challengers Bengaluru,1,1,0,Mumbai Indians vs Royal Challengers Bengaluru
729289,2014-04-19,2014,Delhi Capitals,Kolkata Knight Riders,Dubai International Cricket Stadium,Unknown,Kolkata Knight Riders,bat,Delhi Capitals,Kolkata Knight Riders,Delhi Capitals,0,1,0,Delhi Capitals vs Kolkata Knight Riders
729291,2014-04-20,2014,Punjab Kings,Rajasthan Royals,Sharjah Cricket Stadium,Unknown,Punjab Kings,field,Punjab Kings,Rajasthan Royals,Punjab Kings,1,1,0,Punjab Kings vs Rajasthan Royals
729293,2014-04-21,2014,Chennai Super Kings,Delhi Capitals,Sheikh Zayed Stadium,Abu Dhabi,Chennai Super Kings,bat,Delhi Capitals,Chennai Super Kings,Chennai Super Kings,1,0,1,Chennai Super Kings vs Delhi Capitals
729295,2014-04-22,2014,Punjab Kings,Sunrisers Hyderabad,Sharjah Cricket Stadium,Unknown,Sunrisers Hyderabad,field,Sunrisers Hyderabad,Punjab Kings,Punjab Kings,0,0,1,Punjab Kings vs Sunrisers Hyderabad
729297,2014-04-23,2014,Chennai Super Kings,Rajasthan Royals,Dubai International Cricket Stadium,Unknown,Rajasthan Royals,field,Rajasthan Royals,Chennai Super Kings,Chennai Super Kings,0,0,1,Chennai Super Kings vs Rajasthan Royals
729299,2014-04-24,2014,Kolkata Knight Riders,Royal Challengers Bengaluru,Sharjah Cricket Stadium,Unknown,Royal Challengers Bengaluru,field,Royal Challengers Bengaluru,Kolkata Knight Riders,Kolkata Knight Riders,0,0,1,Kolkata Knight Riders vs Royal Challengers Bengaluru
729303,2014-04-25,2014,Chennai Super Kings,Mumbai Indians,Dubai International Cricket Stadium,Unknown,Mumbai Indians,bat,Chennai Super Kings,Mumbai Indians,Chennai Super Kings,0,1,0,Chennai Super Kings vs Mumbai Indians
729301,2014-04-25,2014,Delhi Capitals,Sunrisers Hyderabad,Dubai International Cricket Stadium,Unknown,Sunrisers Hyderabad,bat,Delhi Capitals,Sunrisers Hyderabad,Sunrisers Hyderabad,1,0,1,Delhi Capitals vs Sunrisers Hyderabad
729305,2014-04-26,2014,Rajasthan Royals,Royal Challengers Bengaluru,Sheikh Zayed Stadium,Abu Dhabi,Rajasthan Royals,field,Rajasthan Royals,Royal Challengers Bengaluru,Rajasthan Royals,1,1,0,Rajasthan Royals vs Royal Challengers Bengaluru
729307,2014-04-26,2014,Punjab Kings,Kolkata Knight Riders,Sheikh Zayed Stadium,Abu Dhabi,Kolkata Knight Riders,field,Kolkata Knight Riders,Punjab Kings,Punjab Kings,0,0,1,Kolkata Knight Riders vs Punjab Kings
729309,2014-04-27,2014,Delhi Capitals,Mumbai Indians,Sharjah Cricket Stadium,Unknown,Mumbai Indians,bat,Delhi Capitals,Mumbai Indians,Delhi Capitals,0,1,0,Delhi Capitals vs Mumbai Indians
729311,2014-04-27,2014,Chennai Super Kings,Sunrisers Hyderabad,Sharjah Cricket Stadium,Unknown,Sunrisers Hyderabad,bat,Chennai Super Kings,Sunrisers Hyderabad,Chennai Super Kings,0,1,0,Chennai Super Kings vs Sunrisers Hyderabad
729313,2014-04-28,2014,Punjab Kings,Royal Challengers Bengaluru,Dubai International Cricket Stadium,Unknown,Punjab Kings,field,Punjab Kings,Royal Challengers Bengaluru,Punjab Kings,1,1,0,Punjab Kings vs Royal Challengers Bengaluru
729315,2014-04-29,2014,Kolkata Knight Riders,Rajasthan Royals,Sheikh Zayed Stadium,Abu Dhabi,Rajasthan Royals,bat,Kolkata Knight Riders,Rajasthan Royals,Unknown,0,0,0,Kolkata Knight Riders vs Rajasthan Royals
729317,2014-04-30,2014,Mumbai Indians,Sunrisers Hyderabad,Dubai International Cricket Stadium,Unknown,Mumbai Indians,field,Mumbai Indians,Sunrisers Hyderabad,Sunrisers Hyderabad,0,0,1,Mumbai Indians vs Sunrisers Hyderabad
733971,2014-05-02,2014,Chennai Super Kings,Kolkata Knight Riders,JSCA International Stadium Complex,Ranchi,Chennai Super Kings,bat,Kolkata Knight Riders,Chennai Super Kings,Chennai Super Kings,1,0,1,Chennai Super Kings vs Kolkata Knight Riders
733975,2014-05-03,2014,Delhi Capitals,Rajasthan Royals,Feroz Shah Kotla,Delhi,Rajasthan Royals,field,Rajasthan Royals,Delhi Capitals,Rajasthan Royals,1,1,0,Delhi Capitals vs Rajasthan Royals
733973,2014-05-03,2014,Punjab Kings,Mumbai Indians,Wankhede Stadium,Mumbai,Punjab Kings,bat,Mumbai Indians,Punjab Kings,Mumbai Indians,0,1,0,Mumbai Indians vs Punjab Kings
733977,2014-05-04,2014,Royal Challengers Bengaluru,Sunrisers Hyderabad,M Chinnaswamy Stadium,Bangalore,Royal Challengers Bengaluru,field,Royal Challengers Bengaluru,Sunrisers Hyderabad,Royal Challengers Bengaluru,1,1,0,Royal Challengers Bengaluru vs Sunrisers Hyderabad
733979,2014-05-05,2014,Kolkata Knight Riders,Rajasthan Royals,Sardar Patel Stadium,Ahmedabad,Kolkata Knight Riders,field,Kolkata Knight Riders,Rajasthan Royals,Rajasthan Royals,0,0,1,Kolkata Knight Riders vs Rajasthan Royals
733981,2014-05-05,2014,Chennai Super Kings,Delhi Capitals,Feroz Shah Kotla,Delhi,Chennai Super Kings,field,Chennai Super Kings,Delhi Capitals,Chennai Super Kings,1,1,0,Chennai Super Kings vs Delhi Capitals
733983,2014-05-06,2014,Mumbai Indians,Royal Challengers Bengaluru,Wankhede Stadium,Mumbai,Royal Challengers Bengaluru,field,Royal Challengers Bengaluru,Mumbai Indians,Mumbai Indians,0,0,1,Mumbai Indians vs Royal Challengers Bengaluru
733987,2014-05-07,2014,Chennai Super Kings,Punjab Kings,Barabati Stadium,Cuttack,Chennai Super Kings,field,Chennai Super Kings,Punjab Kings,Punjab Kings,0,0,1,Chennai Super Kings vs Punjab Kings
733985,2014-05-07,2014,Delhi Capitals,Kolkata Knight Riders,Feroz Shah Kotla,Delhi,Delhi Capitals,bat,Kolkata Knight Riders,Delhi Capitals,Kolkata Knight Riders,0,1,0,Delhi Capitals vs Kolkata Knight Riders
733989,2014-05-08,2014,Rajasthan Royals,Sunrisers Hyderabad,Sardar Patel Stadium,Ahmedabad,Rajasthan Royals,field,Rajasthan Royals,Sunrisers Hyderabad,Sunrisers Hyderabad,0,0,1,Rajasthan Royals vs Sunrisers Hyderabad
733991,2014-05-09,2014,Punjab Kings,Royal Challengers Bengaluru,M Chinnaswamy Stadium,Bangalore,Royal Challengers Bengaluru,field,Royal Challengers Bengaluru,Punjab Kings,Punjab Kings,0,0,1,Punjab Kings vs Royal Challengers Bengaluru
733993,2014-05-10,2014,Delhi Capitals,Sunrisers Hyderabad,Feroz Shah Kotla,Delhi,Sunrisers Hyderabad,field,Sunrisers Hyderabad,Delhi Capitals,Sunrisers Hyderabad,1,1,0,Delhi Capitals vs Sunrisers Hyderabad
733995,2014-05-10,2014,Chennai Super Kings,Mumbai Indians,Wankhede Stadium,Mumbai,Chennai Super Kings,field,Chennai Super Kings,Mumbai Indians,Chennai Super Kings,1,1,0,Chennai Super Kings vs Mumbai Indians
733997,2014-05-11,2014,Punjab Kings,Kolkata Knight Riders,Barabati Stadium,Cuttack,Kolkata Knight Riders,field,Kolkata Knight Riders,Punjab Kings,Kolkata Knight Riders,1,1,0,Kolkata Knight Riders vs Punjab Kings
733999,2014-05-11,2014,Rajasthan Royals,Royal Challengers Bengaluru,M Chinnaswamy Stadium,Bangalore,Royal Challengers Bengaluru,bat,Rajasthan Royals,Royal Challengers Bengaluru,Rajasthan Royals,0,1,0,Rajasthan Royals vs Royal Challengers Bengaluru
734001,2014-05-12,2014,Mumbai Indians,Sunrisers Hyderabad,Rajiv Gandhi International Stadium,Hyderabad,Sunrisers Hyderabad,bat,Mumbai Indians,Sunrisers Hyderabad,Mumbai Indians,0,1,0,Mumbai Indians vs Sunrisers Hyderabad
734003,2014-05-13,2014,Chennai Super Kings,Rajasthan Royals,JSCA International Stadium Complex,Ranchi,Rajasthan Royals,bat,Chennai Super Kings,Rajasthan Royals,Chennai Super Kings,0,1,0,Chennai Super Kings vs Rajasthan Royals
734005,2014-05-13,2014,Delhi Capitals,Royal Challengers Bengaluru,M Chinnaswamy Stadium,Bangalore,Delhi Capitals,field,Delhi Capitals,Royal Challengers Bengaluru,Royal Challengers Bengaluru,0,0,1,Delhi Capitals vs Royal Challengers Bengaluru
734007,2014-05-14,2014,Punjab Kings,Sunrisers Hyderabad,Rajiv Gandhi International Stadium,Hyderabad,Punjab Kings,field,Punjab Kings,Sunrisers Hyderabad,Punjab Kings,1,1,0,Punjab Kings vs Sunrisers Hyderabad
734009,2014-05-14,2014,Kolkata Knight Riders,Mumbai Indians,Barabati Stadium,Cuttack,Kolkata Knight Riders,field,Kolkata Knight Riders,Mumbai Indians,Kolkata Knight Riders,1,1,0,Kolkata Knight Riders vs Mumbai Indians
734011,2014-05-15,2014,Delhi Capitals,Rajasthan Royals,Sardar Patel Stadium,Ahmedabad,Delhi Capitals,field,Delhi Capitals,Rajasthan Royals,Rajasthan Royals,0,0,1,Delhi Capitals vs Rajasthan Royals
734013,2014-05-18,2014,Chennai Super Kings,Royal Challengers Bengaluru,JSCA International Stadium Complex,Ranchi,Chennai Super Kings,bat,Royal Challengers Bengaluru,Chennai Super Kings,Royal Challengers Bengaluru,0,1,0,Chennai Super Kings vs Royal Challengers Bengaluru
734015,2014-05-18,2014,Kolkata Knight Riders,Sunrisers Hyderabad,Rajiv Gandhi International Stadium,Hyderabad,Sunrisers Hyderabad,bat,Kolkata Knight Riders,Sunrisers Hyderabad,Kolkata Knight Riders,0,1,0,Kolkata Knight Riders vs Sunrisers Hyderabad
734017,2014-05-19,2014,Mumbai Indians,Rajasthan Royals,Sardar Patel Stadium,Ahmedabad,Mumbai Indians,bat,Rajasthan Royals,Mumbai Indians,Mumbai Indians,1,0,1,Mumbai Indians vs Rajasthan Royals
734019,2014-05-19,2014,Delhi Capitals,Punjab Kings,Feroz Shah Kotla,Delhi,Punjab Kings,field,Punjab Kings,Delhi Capitals,Punjab Kings,1,1,0,Delhi Capitals vs Punjab Kings
734021,2014-05-20,2014,Royal Challengers Bengaluru,Sunrisers Hyderabad,Rajiv Gandhi International Stadium,Hyderabad,Royal Challengers Bengaluru,bat,Sunrisers Hyderabad,Royal Challengers Bengaluru,Sunrisers Hyderabad,0,1,0,Royal Challengers Bengaluru vs Sunrisers Hyderabad
734023,2014-05-20,2014,Chennai Super Kings,Kolkata Knight Riders,Eden Gardens,Kolkata,Kolkata Knight Riders,field,Kolkata Knight Riders,Chennai Super Kings,Kolkata Knight Riders,1,1,0,Chennai Super Kings vs Kolkata Knight Riders
734025,2014-05-21,2014,Punjab Kings,Mumbai Indians,Punjab Cricket Association Stadium,Chandigarh,Mumbai Indians,field,Mumbai Indians,Punjab Kings,Mumbai Indians,1,1,0,Mumbai Indians vs Punjab Kings
734029,2014-05-22,2014,Chennai Super Kings,Sunrisers Hyderabad,JSCA International Stadium Complex,Ranchi,Sunrisers Hyderabad,field,Sunrisers Hyderabad,Chennai Super Kings,Sunrisers Hyderabad,1,1,0,Chennai Super Kings vs Sunrisers Hyderabad
734027,2014-05-22,2014,Kolkata Knight Riders,Royal Challengers Bengaluru,Eden Gardens,Kolkata,Royal Challengers Bengaluru,field,Royal Challengers Bengaluru,Kolkata Knight Riders,Kolkata Knight Riders,0,0,1,Kolkata Knight Riders vs Royal Challengers Bengaluru
734031,2014-05-23,2014,Delhi Capitals,Mumbai Indians,Wankhede Stadium,Mumbai,Delhi Capitals,field,Delhi Capitals,Mumbai Indians,Mumbai Indians,0,0,1,Delhi Capitals vs Mumbai Indians
734033,2014-05-23,2014,Punjab Kings,Rajasthan Royals,Punjab Cricket Association Stadium,Chandigarh,Rajasthan Royals,field,Rajasthan Royals,Punjab Kings,Punjab Kings,0,0,1,Punjab Kings vs Rajasthan Royals
734035,2014-05-24,2014,Chennai Super Kings,Royal Challengers Bengaluru,M Chinnaswamy Stadium,Bangalore,Chennai Super Kings,field,Chennai Super Kings,Royal Challengers Bengaluru,Chennai Super Kings,1,1,0,Chennai Super Kings vs Royal Challengers Bengaluru
734037,2014-05-24,2014,Kolkata Knight Riders,Sunrisers Hyderabad,Eden Gardens,Kolkata,Kolkata Knight Riders,field,Kolkata Knight Riders,Sunrisers Hyderabad,Kolkata Knight Riders,1,1,0,Kolkata Knight Riders vs Sunrisers Hyderabad
734039,2014-05-25,2014,Delhi Capitals,Punjab Kings,Punjab Cricket Association Stadium,Chandigarh,Punjab Kings,field,Punjab Kings,Delhi Capitals,Punjab Kings,1,1,0,Delhi Capitals vs Punjab Kings
734041,2014-05-25,2014,Mumbai Indians,Rajasthan Royals,Wankhede Stadium,Mumbai,Mumbai Indians,field,Mumbai Indians,Rajasthan Royals,Mumbai Indians,1,1,0,Mumbai Indians vs Rajasthan Royals
734043,2014-05-27,2014,Punjab Kings,Kolkata Knight Riders,Eden Gardens,Kolkata,Punjab Kings,field,Punjab Kings,Kolkata Knight Riders,Kolkata Knight Riders,0,0,1,Kolkata Knight Riders vs Punjab Kings
734045,2014-05-28,2014,Chennai Super Kings,Mumbai Indians,Brabourne Stadium,Mumbai,Chennai Super Kings,field,Chennai Super Kings,Mumbai Indians,Chennai Super Kings,1,1,0,Chennai Super Kings vs Mumbai Indians
734047,2014-05-30,2014,Chennai Super Kings,Punjab Kings,Wankhede Stadium,Mumbai,Chennai Super Kings,field,Chennai Super Kings,Punjab Kings,Punjab Kings,0,0,1,Chennai Super Kings vs Punjab Kings
734049,2014-06-01,2014,Punjab Kings,Kolkata Knight Riders,M Chinnaswamy Stadium,Bangalore,Kolkata Knight Riders,field,Kolkata Knight Riders,Punjab Kings,Kolkata Knight Riders,1,1,0,Kolkata Knight Riders vs Punjab Kings
829705,2015-04-08,2015,Kolkata Knight Riders,Mumbai Indians,Eden Gardens,Kolkata,Kolkata Knight Riders,field,Kolkata Knight Riders,Mumbai Indians,Kolkata Knight Riders,1,1,0,Kolkata Knight Riders vs Mumbai Indians
829707,2015-04-09,2015,Chennai Super Kings,Delhi Capitals,MA Chidambaram Stadium,Chennai,Delhi Capitals,field,Delhi Capitals,Chennai Super Kings,Chennai Super Kings,0,0,1,Chennai Super Kings vs Delhi Capitals
829709,2015-04-10,2015,Punjab Kings,Rajasthan Royals,Maharashtra Cricket Association Stadium,Pune,Punjab Kings,field,Punjab Kings,Rajasthan Royals,Rajasthan Royals,0,0,1,Punjab Kings vs Rajasthan Royals
829711,2015-04-11,2015,Chennai Super Kings,Sunrisers Hyderabad,MA Chidambaram Stadium,Chennai,Chennai Super Kings,bat,Sunrisers Hyderabad,Chennai Super Kings,Chennai Super Kings,1,0,1,Chennai Super Kings vs Sunrisers Hyderabad
829713,2015-04-11,2015,Kolkata Knight Riders,Royal Challengers Bengaluru,Eden Gardens,Kolkata,Royal Challengers Bengaluru,field,Royal Challengers Bengaluru,Kolkata Knight Riders,Royal Challengers Bengaluru,1,1,0,Kolkata Knight Riders vs Royal Challengers Bengaluru
829715,2015-04-12,2015,Delhi Capitals,Rajasthan Royals,Feroz Shah Kotla,Delhi,Rajasthan Royals,field,Rajasthan Royals,Delhi Capitals,Rajasthan Royals,1,1,0,Delhi Capitals vs Rajasthan Royals
829717,2015-04-12,2015,Punjab Kings,Mumbai Indians,Wankhede Stadium,Mumbai,Mumbai Indians,field,Mumbai Indians,Punjab Kings,Punjab Kings,0,0,1,Mumbai Indians vs Punjab Kings
829719,2015-04-13,2015,Royal Challengers Bengaluru,Sunrisers Hyderabad,M Chinnaswamy Stadium,Bangalore,Sunrisers Hyderabad,field,Sunrisers Hyderabad,Royal Challengers Bengaluru,Sunrisers Hyderabad,1,1,0,Royal Challengers Bengaluru vs Sunrisers Hyderabad
829721,2015-04-14,2015,Mumbai Indians,Rajasthan Royals,Sardar Patel Stadium,Ahmedabad,Mumbai Indians,bat,Rajasthan Royals,Mumbai Indians,Rajasthan Royals,0,1,0,Mumbai Indians vs Rajasthan Royals
829725,2015-04-15,2015,Delhi Capitals,Punjab Kings,Maharashtra Cricket Association Stadium,Pune,Punjab Kings,bat,Delhi Capitals,Punjab Kings,Delhi Capitals,0,1,0,Delhi Capitals vs Punjab Kings
829727,2015-04-16,2015,Rajasthan Royals,Sunrisers Hyderabad,Dr. Y.S. Rajasekhara Reddy ACA-VDCA Cricket Stadium,Visakhapatnam,Rajasthan Royals,field,Rajasthan Royals,Sunrisers Hyderabad,Rajasthan Royals,1,1,0,Rajasthan Royals vs Sunrisers Hyderabad
829729,2015-04-17,2015,Chennai Super Kings,Mumbai Indians,Wankhede Stadium,Mumbai,Mumbai Indians,bat,Chennai Super Kings,Mumbai Indians,Chennai Super Kings,0,1,0,Chennai Super Kings vs Mumbai Indians
829731,2015-04-18,2015,Delhi Capitals,Sunrisers Hyderabad,Dr. Y.S. Rajasekhara Reddy ACA-VDCA Cricket Stadium,Visakhapatnam,Delhi Capitals,bat,Sunrisers Hyderabad,Delhi Capitals,Delhi Capitals,1,0,1,Delhi Capitals vs Sunrisers Hyderabad
829733,2015-04-18,2015,Punjab Kings,Kolkata Knight Riders,Maharashtra Cricket Association Stadium,Pune,Kolkata Knight Riders,field,Kolkata Knight Riders,Punjab Kings,Kolkata Knight Riders,1,1,0,Kolkata Knight Riders vs Punjab Kings
829735,2015-04-19,2015,Chennai Super Kings,Rajasthan Royals,Sardar Patel Stadium,Ahmedabad,Chennai Super Kings,bat,Rajasthan Royals,Chennai Super Kings,Rajasthan Royals,0,1,0,Chennai Super Kings vs Rajasthan Royals
829737,2015-04-19,2015,Mumbai Indians,Royal Challengers Bengaluru,M Chinnaswamy Stadium,Bangalore,Royal Challengers Bengaluru,field,Royal Challengers Bengaluru,Mumbai Indians,Mumbai Indians,0,0,1,Mumbai Indians vs Royal Challengers Bengaluru
829739,2015-04-20,2015,Delhi Capitals,Kolkata Knight Riders,Feroz Shah Kotla,Delhi,Kolkata Knight Riders,field,Kolkata Knight Riders,Delhi Capitals,Kolkata Knight Riders,1,1,0,Delhi Capitals vs Kolkata Knight Riders
829741,2015-04-21,2015,Punjab Kings,Rajasthan Royals,Sardar Patel Stadium,Ahmedabad,Punjab Kings,field,Punjab Kings,Rajasthan Royals,Unknown,0,0,0,Punjab Kings vs Rajasthan Royals
829743,2015-04-22,2015,Kolkata Knight Riders,Sunrisers Hyderabad,Dr. Y.S. Rajasekhara Reddy ACA-VDCA Cricket Stadium,Visakhapatnam,Kolkata Knight Riders,field,Kolkata Knight Riders,Sunrisers Hyderabad,Sunrisers Hyderabad,0,0,1,Kolkata Knight Riders vs Sunrisers Hyderabad
829745,2015-04-22,2015,Chennai Super Kings,Royal Challengers Bengaluru,M Chinnaswamy Stadium,Bangalore,Royal Challengers Bengaluru,field,Royal Challengers Bengaluru,Chennai Super Kings,Chennai Super Kings,0,0,1,Chennai Super Kings vs Royal Challengers Bengaluru
829747,2015-04-23,2015,Delhi Capitals,Mumbai Indians,Feroz Shah Kotla,Delhi,Mumbai Indians,field,Mumbai Indians,Delhi Capitals,Delhi Capitals,0,0,1,Delhi Capitals vs Mumbai Indians
829749,2015-04-24,2015,Rajasthan Royals,Royal Challengers Bengaluru,Sardar Patel Stadium,Ahmedabad,Royal Challengers Bengaluru,field,Royal Challengers Bengaluru,Rajasthan Royals,Royal Challengers Bengaluru,1,1,0,Rajasthan Royals vs Royal Challengers Bengaluru
829751,2015-04-25,2015,Mumbai Indians,Sunrisers Hyderabad,Wankhede Stadium,Mumbai,Mumbai Indians,bat,Sunrisers Hyderabad,Mumbai Indians,Mumbai Indians,1,0,1,Mumbai Indians vs Sunrisers Hyderabad
829753,2015-04-25,2015,Chennai Super Kings,Punjab Kings,MA Chidambaram Stadium,Chennai,Chennai Super Kings,bat,Punjab Kings,Chennai Super Kings,Chennai Super Kings,1,0,1,Chennai Super Kings vs Punjab Kings
829757,2015-04-26,2015,Delhi Capitals,Royal Challengers Bengaluru,Feroz Shah Kotla,Delhi,Royal Challengers Bengaluru,field,Royal Challengers Bengaluru,Delhi Capitals,Royal Challengers Bengaluru,1,1,0,Delhi Capitals vs Royal Challengers Bengaluru
829759,2015-04-27,2015,Punjab Kings,Sunrisers Hyderabad,Punjab Cricket Association Stadium,Chandigarh,Punjab Kings,field,Punjab Kings,Sunrisers Hyderabad,Sunrisers Hyderabad,0,0,1,Punjab Kings vs Sunrisers Hyderabad
829765,2015-04-28,2015,Chennai Super Kings,Kolkata Knight Riders,MA Chidambaram Stadium,Chennai,Kolkata Knight Riders,field,Kolkata Knight Riders,Chennai Super Kings,Chennai Super Kings,0,0,1,Chennai Super Kings vs Kolkata Knight Riders
829763,2015-04-29,2015,Rajasthan Royals,Royal Challengers Bengaluru,M Chinnaswamy Stadium,Bangalore,Rajasthan Royals,field,Rajasthan Royals,Royal Challengers Bengaluru,Unknown,0,0,0,Rajasthan Royals vs Royal Challengers Bengaluru
829723,2015-04-30,2015,Chennai Super Kings,Kolkata Knight Riders,Eden Gardens,Kolkata,Kolkata Knight Riders,field,Kolkata Knight Riders,Chennai Super Kings,Kolkata Knight Riders,1,1,0,Chennai Super Kings vs Kolkata Knight Riders
829767,2015-05-01,2015,Delhi Capitals,Punjab Kings,Feroz Shah Kotla,Delhi,Delhi Capitals,field,Delhi Capitals,Punjab Kings,Delhi Capitals,1,1,0,Delhi Capitals vs Punjab Kings
829769,2015-05-01,2015,Mumbai Indians,Rajasthan Royals,Wankhede Stadium,Mumbai,Rajasthan Royals,field,Rajasthan Royals,Mumbai Indians,Mumbai Indians,0,0,1,Mumbai Indians vs Rajasthan Royals
829771,2015-05-02,2015,Kolkata Knight Riders,Royal Challengers Bengaluru,M Chinnaswamy Stadium,Bangalore,Royal Challengers Bengaluru,field,Royal Challengers Bengaluru,Kolkata Knight Riders,Royal Challengers Bengaluru,1,1,0,Kolkata Knight Riders vs Royal Challengers Bengaluru
829773,2015-05-02,2015,Chennai Super Kings,Sunrisers Hyderabad,Rajiv Gandhi International Stadium,Hyderabad,Chennai Super Kings,field,Chennai Super Kings,Sunrisers Hyderabad,Sunrisers Hyderabad,0,0,1,Chennai Super Kings vs Sunrisers Hyderabad
829777,2015-05-03,2015,Delhi Capitals,Rajasthan Royals,Brabourne Stadium,Mumbai,Delhi Capitals,field,Delhi Capitals,Rajasthan Royals,Rajasthan Royals,0,0,1,Delhi Capitals vs Rajasthan Royals
829775,2015-05-03,2015,Punjab Kings,Mumbai Indians,Punjab Cricket Association Stadium,Chandigarh,Mumbai Indians,bat,Punjab Kings,Mumbai Indians,Mumbai Indians,1,0,1,Mumbai Indians vs Punjab Kings
829779,2015-05-04,2015,Chennai Super Kings,Royal Challengers Bengaluru,MA Chidambaram Stadium,Chennai,Chennai Super Kings,bat,Royal Challengers Bengaluru,Chennai Super Kings,Chennai Super Kings,1,0,1,Chennai Super Kings vs Royal Challengers Bengaluru
829781,2015-05-04,2015,Kolkata Knight Riders,Sunrisers Hyderabad,Eden Gardens,Kolkata,Sunrisers Hyderabad,field,Sunrisers Hyderabad,Kolkata Knight Riders,Kolkata Knight Riders,0,0,1,Kolkata Knight Riders vs Sunrisers Hyderabad
829783,2015-05-05,2015,Delhi Capitals,Mumbai Indians,Wankhede Stadium,Mumbai,Delhi Capitals,bat,Mumbai Indians,Delhi Capitals,Mumbai Indians,0,1,0,Delhi Capitals vs Mumbai Indians
829785,2015-05-06,2015,Punjab Kings,Royal Challengers Bengaluru,M Chinnaswamy Stadium,Bangalore,Punjab Kings,field,Punjab Kings,Royal Challengers Bengaluru,Royal Challengers Bengaluru,0,0,1,Punjab Kings vs Royal Challengers Bengaluru
829787,2015-05-07,2015,Rajasthan Royals,Sunrisers Hyderabad,Brabourne Stadium,Mumbai,Rajasthan Royals,field,Rajasthan Royals,Sunrisers Hyderabad,Sunrisers Hyderabad,0,0,1,Rajasthan Royals vs Sunrisers Hyderabad
829761,2015-05-07,2015,Delhi Capitals,Kolkata Knight Riders,Eden Gardens,Kolkata,Kolkata Knight Riders,bat,Delhi Capitals,Kolkata Knight Riders,Kolkata Knight Riders,1,0,1,Delhi Capitals vs Kolkata Knight Riders
829789,2015-05-08,2015,Chennai Super Kings,Mumbai Indians,MA Chidambaram Stadium,Chennai,Chennai Super Kings,bat,Mumbai Indians,Chennai Super Kings,Mumbai Indians,0,1,0,Chennai Super Kings vs Mumbai Indians
829793,2015-05-09,2015,Delhi Capitals,Sunrisers Hyderabad,Shaheed Veer Narayan Singh International Stadium,Raipur,Sunrisers Hyderabad,bat,Delhi Capitals,Sunrisers Hyderabad,Sunrisers Hyderabad,1,0,1,Delhi Capitals vs Sunrisers Hyderabad
829791,2015-05-09,2015,Punjab Kings,Kolkata Knight Riders,Eden Gardens,Kolkata,Punjab Kings,bat,Kolkata Knight Riders,Punjab Kings,Kolkata Knight Riders,0,1,0,Kolkata Knight Riders vs Punjab Kings
829795,2015-05-10,2015,Mumbai Indians,Royal Challengers Bengaluru,Wankhede Stadium,Mumbai,Royal Challengers Bengaluru,bat,Mumbai Indians,Royal Challengers Bengaluru,Royal Challengers Bengaluru,1,0,1,Mumbai Indians vs Royal Challengers Bengaluru
829797,2015-05-10,2015,Chennai Super Kings,Rajasthan Royals,MA Chidambaram Stadium,Chennai,Chennai Super Kings,bat,Rajasthan Royals,Chennai Super Kings,Chennai Super Kings,1,0,1,Chennai Super Kings vs Rajasthan Royals
829799,2015-05-11,2015,Punjab Kings,Sunrisers Hyderabad,Rajiv Gandhi International Stadium,Hyderabad,Sunrisers Hyderabad,bat,Punjab Kings,Sunrisers Hyderabad,Sunrisers Hyderabad,1,0,1,Punjab Kings vs Sunrisers Hyderabad
829801,2015-05-12,2015,Chennai Super Kings,Delhi Capitals,Shaheed Veer Narayan Singh International Stadium,Raipur,Chennai Super Kings,bat,Delhi Capitals,Chennai Super Kings,Delhi Capitals,0,1,0,Chennai Super Kings vs Delhi Capitals
829803,2015-05-13,2015,Punjab Kings,Royal Challengers Bengaluru,Punjab Cricket Association Stadium,Chandigarh,Royal Challengers Bengaluru,field,Royal Challengers Bengaluru,Punjab Kings,Punjab Kings,0,0,1,Punjab Kings vs Royal Challengers Bengaluru
829805,2015-05-14,2015,Kolkata Knight Riders,Mumbai Indians,Wankhede Stadium,Mumbai,Kolkata Knight Riders,field,Kolkata Knight Riders,Mumbai Indians,Mumbai Indians,0,0,1,Kolkata Knight Riders vs Mumbai Indians
829807,2015-05-15,2015,Royal Challengers Bengaluru,Sunrisers Hyderabad,Rajiv Gandhi International Stadium,Hyderabad,Sunrisers Hyderabad,bat,Royal Challengers Bengaluru,Sunrisers Hyderabad,Royal Challengers Bengaluru,0,1,0,Royal Challengers Bengaluru vs Sunrisers Hyderabad
829809,2015-05-16,2015,Chennai Super Kings,Punjab Kings,Punjab Cricket Association Stadium,Chandigarh,Punjab Kings,bat,Chennai Super Kings,Punjab Kings,Chennai Super Kings,0,1,0,Chennai Super Kings vs Punjab Kings
829811,2015-05-16,2015,Kolkata Knight Riders,Rajasthan Royals,Brabourne Stadium,Mumbai,Rajasthan Royals,bat,Kolkata Knight Riders,Rajasthan Royals,Rajasthan Royals,1,0,1,Kolkata Knight Riders vs Rajasthan Royals
829813,2015-05-17,2015,Delhi Capitals,Royal Challengers Bengaluru,M Chinnaswamy Stadium,Bangalore,Royal Challengers Bengaluru,field,Royal Challengers Bengaluru,Delhi Capitals,Unknown,0,0,0,Delhi Capitals vs Royal Challengers Bengaluru
829815,2015-05-17,2015,Mumbai Indians,Sunrisers Hyderabad,Rajiv Gandhi International Stadium,Hyderabad,Sunrisers Hyderabad,bat,Mumbai Indians,Sunrisers Hyderabad,Mumbai Indians,0,1,0,Mumbai Indians vs Sunrisers Hyderabad
829817,2015-05-19,2015,Chennai Super Kings,Mumbai Indians,Wankhede Stadium,Mumbai,Mumbai Indians,bat,Chennai Super Kings,Mumbai Indians,Mumbai Indians,1,0,1,Chennai Super Kings vs Mumbai Indians
829819,2015-05-20,2015,Rajasthan Royals,Royal Challengers Bengaluru,Maharashtra Cricket Association Stadium,Pune,Royal Challengers Bengaluru,bat,Rajasthan Royals,Royal Challengers Bengaluru,Royal Challengers Bengaluru,1,0,1,Rajasthan Royals vs Royal Challengers Bengaluru
829821,2015-05-22,2015,Chennai Super Kings,Royal Challengers Bengaluru,JSCA International Stadium Complex,Ranchi,Chennai Super Kings,field,Chennai Super Kings,Royal Challengers Bengaluru,Chennai Super Kings,1,1,0,Chennai Super Kings vs Royal Challengers Bengaluru
829823,2015-05-24,2015,Chennai Super Kings,Mumbai Indians,Eden Gardens,Kolkata,Chennai Super Kings,field,Chennai Super Kings,Mumbai Indians,Mumbai Indians,0,0,1,Chennai Super Kings vs Mumbai Indians
980901,2016-04-09,2016,Mumbai Indians,Rising Pune Supergiants,Wankhede Stadium,Mumbai,Mumbai Indians,bat,Rising Pune Supergiants,Mumbai Indians,Rising Pune Supergiants,0,1,0,Mumbai Indians vs Rising Pune Supergiants
980903,2016-04-10,2016,Delhi Capitals,Kolkata Knight Riders,Eden Gardens,Kolkata,Kolkata Knight Riders,field,Kolkata Knight Riders,Delhi Capitals,Kolkata Knight Riders,1,1,0,Delhi Capitals vs Kolkata Knight Riders
980905,2016-04-11,2016,Gujarat Titans,Punjab Kings,Punjab Cricket Association IS Bindra Stadium,Chandigarh,Gujarat Titans,field,Gujarat Titans,Punjab Kings,Gujarat Titans,1,1,0,Gujarat Titans vs Punjab Kings
980907,2016-04-12,2016,Royal Challengers Bengaluru,Sunrisers Hyderabad,M Chinnaswamy Stadium,Bangalore,Sunrisers Hyderabad,field,Sunrisers Hyderabad,Royal Challengers Bengaluru,Royal Challengers Bengaluru,0,0,1,Royal Challengers Bengaluru vs Sunrisers Hyderabad
980909,2016-04-13,2016,Kolkata Knight Riders,Mumbai Indians,Eden Gardens,Kolkata,Mumbai Indians,field,Mumbai Indians,Kolkata Knight Riders,Mumbai Indians,1,1,0,Kolkata Knight Riders vs Mumbai Indians
980911,2016-04-14,2016,Gujarat Titans,Rising Pune Supergiants,Saurashtra Cricket Association Stadium,Rajkot,Rising Pune Supergiants,bat,Gujarat Titans,Rising Pune Supergiants,Gujarat Titans,0,1,0,Gujarat Titans vs Rising Pune Supergiants
980913,2016-04-15,2016,Delhi Capitals,Punjab Kings,Feroz Shah Kotla,Delhi,Delhi Capitals,field,Delhi Capitals,Punjab Kings,Delhi Capitals,1,1,0,Delhi Capitals vs Punjab Kings
980915,2016-04-16,2016,Kolkata Knight Riders,Sunrisers Hyderabad,Rajiv Gandhi International Stadium,Hyderabad,Sunrisers Hyderabad,bat,Kolkata Knight Riders,Sunrisers Hyderabad,Kolkata Knight Riders,0,1,0,Kolkata Knight Riders vs Sunrisers Hyderabad
980917,2016-04-16,2016,Gujarat Titans,Mumbai Indians,Wankhede Stadium,Mumbai,Gujarat Titans,field,Gujarat Titans,Mumbai Indians,Gujarat Titans,1,1,0,Gujarat Titans vs Mumbai Indians
980919,2016-04-17,2016,Punjab Kings,Rising Pune Supergiants,Punjab Cricket Association IS Bindra Stadium,Chandigarh,Rising Pune Supergiants,bat,Punjab Kings,Rising Pune Supergiants,Punjab Kings,0,1,0,Punjab Kings vs Rising Pune Supergiants
980921,2016-04-17,2016,Delhi Capitals,Royal Challengers Bengaluru,M Chinnaswamy Stadium,Bangalore,Delhi Capitals,field,Delhi Capitals,Royal Challengers Bengaluru,Delhi Capitals,1,1,0,Delhi Capitals vs Royal Challengers Bengaluru
980923,2016-04-18,2016,Mumbai Indians,Sunrisers Hyderabad,Rajiv Gandhi International Stadium,Hyderabad,Sunrisers Hyderabad,field,Sunrisers Hyderabad,Mumbai Indians,Sunrisers Hyderabad,1,1,0,Mumbai Indians vs Sunrisers Hyderabad
980925,2016-04-19,2016,Punjab Kings,Kolkata Knight Riders,Punjab Cricket Association IS Bindra Stadium,Chandigarh,Kolkata Knight Riders,field,Kolkata Knight Riders,Punjab Kings,Kolkata Knight Riders,1,1,0,Kolkata Knight Riders vs Punjab Kings
980927,2016-04-20,2016,Mumbai Indians,Royal Challengers Bengaluru,Wankhede Stadium,Mumbai,Mumbai Indians,field,Mumbai Indians,Royal Challengers Bengaluru,Mumbai Indians,1,1,0,Mumbai Indians vs Royal Challengers Bengaluru
980929,2016-04-21,2016,Gujarat Titans,Sunrisers Hyderabad,Saurashtra Cricket Association Stadium,Rajkot,Sunrisers Hyderabad,field,Sunrisers Hyderabad,Gujarat Titans,Sunrisers Hyderabad,1,1,0,Gujarat Titans vs Sunrisers Hyderabad
980931,2016-04-22,2016,Rising Pune Supergiants,Royal Challengers Bengaluru,Maharashtra Cricket Association Stadium,Pune,Rising Pune Supergiants,field,Rising Pune Supergiants,Royal Challengers Bengaluru,Royal Challengers Bengaluru,0,0,1,Rising Pune Supergiants vs Royal Challengers Bengaluru
980933,2016-04-23,2016,Delhi Capitals,Mumbai Indians,Feroz Shah Kotla,Delhi,Mumbai Indians,field,Mumbai Indians,Delhi Capitals,Delhi Capitals,0,0,1,Delhi Capitals vs Mumbai Indians
980935,2016-04-23,2016,Punjab Kings,Sunrisers Hyderabad,Rajiv Gandhi International Stadium,Hyderabad,Sunrisers Hyderabad,field,Sunrisers Hyderabad,Punjab Kings,Sunrisers Hyderabad,1,1,0,Punjab Kings vs Sunrisers Hyderabad
980937,2016-04-24,2016,Gujarat Titans,Royal Challengers Bengaluru,Saurashtra Cricket Association Stadium,Rajkot,Royal Challengers Bengaluru,bat,Gujarat Titans,Royal Challengers Bengaluru,Gujarat Titans,0,1,0,Gujarat Titans vs Royal Challengers Bengaluru
980939,2016-04-24,2016,Kolkata Knight Riders,Rising Pune Supergiants,Maharashtra Cricket Association Stadium,Pune,Kolkata Knight Riders,field,Kolkata Knight Riders,Rising Pune Supergiants,Kolkata Knight Riders,1,1,0,Kolkata Knight Riders vs Rising Pune Supergiants
980941,2016-04-25,2016,Punjab Kings,Mumbai Indians,Punjab Cricket Association IS Bindra Stadium,Chandigarh,Punjab Kings,field,Punjab Kings,Mumbai Indians,Mumbai Indians,0,0,1,Mumbai Indians vs Punjab Kings
980943,2016-04-26,2016,Rising Pune Supergiants,Sunrisers Hyderabad,Rajiv Gandhi International Stadium,Hyderabad,Rising Pune Supergiants,field,Rising Pune Supergiants,Sunrisers Hyderabad,Rising Pune Supergiants,1,1,0,Rising Pune Supergiants vs Sunrisers Hyderabad
980945,2016-04-27,2016,Delhi Capitals,Gujarat Titans,Feroz Shah Kotla,Delhi,Delhi Capitals,field,Delhi Capitals,Gujarat Titans,Gujarat Titans,0,0,1,Delhi Capitals vs Gujarat Titans
980947,2016-04-28,2016,Kolkata Knight Riders,Mumbai Indians,Wankhede Stadium,Mumbai,Mumbai Indians,field,Mumbai Indians,Kolkata Knight Riders,Mumbai Indians,1,1,0,Kolkata Knight Riders vs Mumbai Indians
980949,2016-04-29,2016,Gujarat Titans,Rising Pune Supergiants,Maharashtra Cricket Association Stadium,Pune,Gujarat Titans,field,Gujarat Titans,Rising Pune Supergiants,Gujarat Titans,1,1,0,Gujarat Titans vs Rising Pune Supergiants
980951,2016-04-30,2016,Delhi Capitals,Kolkata Knight Riders,Feroz Shah Kotla,Delhi,Kolkata Knight Riders,field,Kolkata Knight Riders,Delhi Capitals,Delhi Capitals,0,0,1,Delhi Capitals vs Kolkata Knight Riders
980953,2016-04-30,2016,Royal Challengers Bengaluru,Sunrisers Hyderabad,Rajiv Gandhi International Stadium,Hyderabad,Royal Challengers Bengaluru,field,Royal Challengers Bengaluru,Sunrisers Hyderabad,Sunrisers Hyderabad,0,0,1,Royal Challengers Bengaluru vs Sunrisers Hyderabad
980955,2016-05-01,2016,Gujarat Titans,Punjab Kings,Saurashtra Cricket Association Stadium,Rajkot,Gujarat Titans,field,Gujarat Titans,Punjab Kings,Punjab Kings,0,0,1,Gujarat Titans vs Punjab Kings
980957,2016-05-01,2016,Mumbai Indians,Rising Pune Supergiants,Maharashtra Cricket Association Stadium,Pune,Mumbai Indians,field,Mumbai Indians,Rising Pune Supergiants,Mumbai Indians,1,1,0,Mumbai Indians vs Rising Pune Supergiants
980959,2016-05-02,2016,Kolkata Knight Riders,Royal Challengers Bengaluru,M Chinnaswamy Stadium,Bangalore,Kolkata Knight Riders,field,Kolkata Knight Riders,Royal Challengers Bengaluru,Kolkata Knight Riders,1,1,0,Kolkata Knight Riders vs Royal Challengers Bengaluru
980961,2016-05-03,2016,Delhi Capitals,Gujarat Titans,Saurashtra Cricket Association Stadium,Rajkot,Delhi Capitals,field,Delhi Capitals,Gujarat Titans,Delhi Capitals,1,1,0,Delhi Capitals vs Gujarat Titans
980963,2016-05-04,2016,Punjab Kings,Kolkata Knight Riders,Eden Gardens,Kolkata,Punjab Kings,field,Punjab Kings,Kolkata Knight Riders,Kolkata Knight Riders,0,0,1,Kolkata Knight Riders vs Punjab Kings
980965,2016-05-05,2016,Delhi Capitals,Rising Pune Supergiants,Feroz Shah Kotla,Delhi,Rising Pune Supergiants,field,Rising Pune Supergiants,Delhi Capitals,Rising Pune Supergiants,1,1,0,Delhi Capitals vs Rising Pune Supergiants
980967,2016-05-06,2016,Gujarat Titans,Sunrisers Hyderabad,Rajiv Gandhi International Stadium,Hyderabad,Sunrisers Hyderabad,field,Sunrisers Hyderabad,Gujarat Titans,Sunrisers Hyderabad,1,1,0,Gujarat Titans vs Sunrisers Hyderabad
980969,2016-05-07,2016,Rising Pune Supergiants,Royal Challengers Bengaluru,M Chinnaswamy Stadium,Bangalore,Royal Challengers Bengaluru,field,Royal Challengers Bengaluru,Rising Pune Supergiants,Royal Challengers Bengaluru,1,1,0,Rising Pune Supergiants vs Royal Challengers Bengaluru
980971,2016-05-07,2016,Delhi Capitals,Punjab Kings,Punjab Cricket Association IS Bindra Stadium,Chandigarh,Delhi Capitals,field,Delhi Capitals,Punjab Kings,Punjab Kings,0,0,1,Delhi Capitals vs Punjab Kings
980973,2016-05-08,2016,Mumbai Indians,Sunrisers Hyderabad,Dr. Y.S. Rajasekhara Reddy ACA-VDCA Cricket Stadium,Visakhapatnam,Mumbai Indians,field,Mumbai Indians,Sunrisers Hyderabad,Sunrisers Hyderabad,0,0,1,Mumbai Indians vs Sunrisers Hyderabad
980975,2016-05-08,2016,Gujarat Titans,Kolkata Knight Riders,Eden Gardens,Kolkata,Gujarat Titans,field,Gujarat Titans,Kolkata Knight Riders,Gujarat Titans,1,1,0,Gujarat Titans vs Kolkata Knight Riders
980977,2016-05-09,2016,Punjab Kings,Royal Challengers Bengaluru,Punjab Cricket Association IS Bindra Stadium,Chandigarh,Punjab Kings,field,Punjab Kings,Royal Challengers Bengaluru,Royal Challengers Bengaluru,0,0,1,Punjab Kings vs Royal Challengers Bengaluru
980979,2016-05-10,2016,Rising Pune Supergiants,Sunrisers Hyderabad,Dr. Y.S. Rajasekhara Reddy ACA-VDCA Cricket Stadium,Visakhapatnam,Sunrisers Hyderabad,bat,Rising Pune Supergiants,Sunrisers Hyderabad,Sunrisers Hyderabad,1,0,1,Rising Pune Supergiants vs Sunrisers Hyderabad
980981,2016-05-11,2016,Mumbai Indians,Royal Challengers Bengaluru,M Chinnaswamy Stadium,Bangalore,Mumbai Indians,field,Mumbai Indians,Royal Challengers Bengaluru,Mumbai Indians,1,1,0,Mumbai Indians vs Royal Challengers Bengaluru
980983,2016-05-12,2016,Delhi Capitals,Sunrisers Hyderabad,Rajiv Gandhi International Stadium,Hyderabad,Delhi Capitals,field,Delhi Capitals,Sunrisers Hyderabad,Delhi Capitals,1,1,0,Delhi Capitals vs Sunrisers Hyderabad
980985,2016-05-13,2016,Punjab Kings,Mumbai Indians,Dr. Y.S. Rajasekhara Reddy ACA-VDCA Cricket Stadium,Visakhapatnam,Mumbai Indians,bat,Punjab Kings,Mumbai Indians,Punjab Kings,0,1,0,Mumbai Indians vs Punjab Kings
980987,2016-05-14,2016,Gujarat Titans,Royal Challengers Bengaluru,M Chinnaswamy Stadium,Bangalore,Gujarat Titans,field,Gujarat Titans,Royal Challengers Bengaluru,Royal Challengers Bengaluru,0,0,1,Gujarat Titans vs Royal Challengers Bengaluru
980989,2016-05-14,2016,Kolkata Knight Riders,Rising Pune Supergiants,Eden Gardens,Kolkata,Rising Pune Supergiants,bat,Kolkata Knight Riders,Rising Pune Supergiants,Kolkata Knight Riders,0,1,0,Kolkata Knight Riders vs Rising Pune Supergiants
980991,2016-05-15,2016,Punjab Kings,Sunrisers Hyderabad,Punjab Cricket Association IS Bindra Stadium,Chandigarh,Punjab Kings,bat,Sunrisers Hyderabad,Punjab Kings,Sunrisers Hyderabad,0,1,0,Punjab Kings vs Sunrisers Hyderabad
980993,2016-05-15,2016,Delhi Capitals,Mumbai Indians,Dr. Y.S. Rajasekhara Reddy ACA-VDCA Cricket Stadium,Visakhapatnam,Delhi Capitals,field,Delhi Capitals,Mumbai Indians,Mumbai Indians,0,0,1,Delhi Capitals vs Mumbai Indians
980995,2016-05-16,2016,Kolkata Knight Riders,Royal Challengers Bengaluru,Eden Gardens,Kolkata,Royal Challengers Bengaluru,field,Royal Challengers Bengaluru,Kolkata Knight Riders,Royal Challengers Bengaluru,1,1,0,Kolkata Knight Riders vs Royal Challengers Bengaluru
980997,2016-05-17,2016,Delhi Capitals,Rising Pune Supergiants,Dr. Y.S. Rajasekhara Reddy ACA-VDCA Cricket Stadium,Visakhapatnam,Rising Pune Supergiants,field,Rising Pune Supergiants,Delhi Capitals,Rising Pune Supergiants,1,1,0,Delhi Capitals vs Rising Pune Supergiants
980999,2016-05-18,2016,Punjab Kings,Royal Challengers Bengaluru,M Chinnaswamy Stadium,Bangalore,Punjab Kings,field,Punjab Kings,Royal Challengers Bengaluru,Royal Challengers Bengaluru,0,0,1,Punjab Kings vs Royal Challengers Bengaluru
981001,2016-05-19,2016,Gujarat Titans,Kolkata Knight Riders,Green Park,Kanpur,Gujarat Titans,field,Gujarat Titans,Kolkata Knight Riders,Gujarat Titans,1,1,0,Gujarat Titans vs Kolkata Knight Riders
981003,2016-05-20,2016,Delhi Capitals,Sunrisers Hyderabad,Shaheed Veer Narayan Singh International Stadium,Raipur,Delhi Capitals,field,Delhi Capitals,Sunrisers Hyderabad,Delhi Capitals,1,1,0,Delhi Capitals vs Sunrisers Hyderabad
981005,2016-05-21,2016,Punjab Kings,Rising Pune Supergiants,Dr. Y.S. Rajasekhara Reddy ACA-VDCA Cricket Stadium,Visakhapatnam,Punjab Kings,bat,Rising Pune Supergiants,Punjab Kings,Rising Pune Supergiants,0,1,0,Punjab Kings vs Rising Pune Supergiants
981007,2016-05-21,2016,Gujarat Titans,Mumbai Indians,Green Park,Kanpur,Gujarat Titans,field,Gujarat Titans,Mumbai Indians,Gujarat Titans,1,1,0,Gujarat Titans vs Mumbai Indians
981009,2016-05-22,2016,Kolkata Knight Riders,Sunrisers Hyderabad,Eden Gardens,Kolkata,Sunrisers Hyderabad,field,Sunrisers Hyderabad,Kolkata Knight Riders,Kolkata Knight Riders,0,0,1,Kolkata Knight Riders vs Sunrisers Hyderabad
981011,2016-05-22,2016,Delhi Capitals,Royal Challengers Bengaluru,Shaheed Veer Narayan Singh International Stadium,Raipur,Royal Challengers Bengaluru,field,Royal Challengers Bengaluru,Delhi Capitals,Royal Challengers Bengaluru,1,1,0,Delhi Capitals vs Royal Challengers Bengaluru
981013,2016-05-24,2016,Gujarat Titans,Royal Challengers Bengaluru,M Chinnaswamy Stadium,Bangalore,Royal Challengers Bengaluru,field,Royal Challengers Bengaluru,Gujarat Titans,Royal Challengers Bengaluru,1,1,0,Gujarat Titans vs Royal Challengers Bengaluru
981015,2016-05-25,2016,Kolkata Knight Riders,Sunrisers Hyderabad,Feroz Shah Kotla,Delhi,Kolkata Knight Riders,field,Kolkata Knight Riders,Sunrisers Hyderabad,Sunrisers Hyderabad,0,0,1,Kolkata Knight Riders vs Sunrisers Hyderabad
981017,2016-05-27,2016,Gujarat Titans,Sunrisers Hyderabad,Feroz Shah Kotla,Delhi,Sunrisers Hyderabad,field,Sunrisers Hyderabad,Gujarat Titans,Sunrisers Hyderabad,1,1,0,Gujarat Titans vs Sunrisers Hyderabad
981019,2016-05-29,2016,Royal Challengers Bengaluru,Sunrisers Hyderabad,M Chinnaswamy Stadium,Bangalore,Sunrisers Hyderabad,bat,Royal Challengers Bengaluru,Sunrisers Hyderabad,Sunrisers Hyderabad,1,0,1,Royal Challengers Bengaluru vs Sunrisers Hyderabad
1082591,2017-04-05,2017,Royal Challengers Bengaluru,Sunrisers Hyderabad,Rajiv Gandhi International Stadium,Hyderabad,Royal Challengers Bengaluru,field,Royal Challengers Bengaluru,Sunrisers Hyderabad,Sunrisers Hyderabad,0,0,1,Royal Challengers Bengaluru vs Sunrisers Hyderabad
1082592,2017-04-06,2017,Mumbai Indians,Rising Pune Supergiants,Maharashtra Cricket Association Stadium,Pune,Rising Pune Supergiants,field,Rising Pune Supergiants,Mumbai Indians,Rising Pune Supergiants,1,1,0,Mumbai Indians vs Rising Pune Supergiants
1082593,2017-04-07,2017,Gujarat Titans,Kolkata Knight Riders,Saurashtra Cricket Association Stadium,Rajkot,Kolkata Knight Riders,field,Kolkata Knight Riders,Gujarat Titans,Kolkata Knight Riders,1,1,0,Gujarat Titans vs Kolkata Knight Riders
1082594,2017-04-08,2017,Punjab Kings,Rising Pune Supergiants,Holkar Cricket Stadium,Indore,Punjab Kings,field,Punjab Kings,Rising Pune Supergiants,Punjab Kings,1,1,0,Punjab Kings vs Rising Pune Supergiants
1082595,2017-04-08,2017,Delhi Capitals,Royal Challengers Bengaluru,M.Chinnaswamy Stadium,Bengaluru,Royal Challengers Bengaluru,bat,Delhi Capitals,Royal Challengers Bengaluru,Royal Challengers Bengaluru,1,0,1,Delhi Capitals vs Royal Challengers Bengaluru
1082596,2017-04-09,2017,Gujarat Titans,Sunrisers Hyderabad,Rajiv Gandhi International Stadium,Hyderabad,Sunrisers Hyderabad,field,Sunrisers Hyderabad,Gujarat Titans,Sunrisers Hyderabad,1,1,0,Gujarat Titans vs Sunrisers Hyderabad
1082597,2017-04-09,2017,Kolkata Knight Riders,Mumbai Indians,Wankhede Stadium,Mumbai,Mumbai Indians,field,Mumbai Indians,Kolkata Knight Riders,Mumbai Indians,1,1,0,Kolkata Knight Riders vs Mumbai Indians
1082598,2017-04-10,2017,Punjab Kings,Royal Challengers Bengaluru,Holkar Cricket Stadium,Indore,Royal Challengers Bengaluru,bat,Punjab Kings,Royal Challengers Bengaluru,Punjab Kings,0,1,0,Punjab Kings vs Royal Challengers Bengaluru
1082599,2017-04-11,2017,Delhi Capitals,Rising Pune Supergiants,Maharashtra Cricket Association Stadium,Pune,Rising Pune Supergiants,field,Rising Pune Supergiants,Delhi Capitals,Delhi Capitals,0,0,1,Delhi Capitals vs Rising Pune Supergiants
1082600,2017-04-12,2017,Mumbai Indians,Sunrisers Hyderabad,Wankhede Stadium,Mumbai,Mumbai Indians,field,Mumbai Indians,Sunrisers Hyderabad,Mumbai Indians,1,1,0,Mumbai Indians vs Sunrisers Hyderabad
1082601,2017-04-13,2017,Punjab Kings,Kolkata Knight Riders,Eden Gardens,Kolkata,Kolkata Knight Riders,field,Kolkata Knight Riders,Punjab Kings,Kolkata Knight Riders,1,1,0,Kolkata Knight Riders vs Punjab Kings
1082602,2017-04-14,2017,Mumbai Indians,Royal Challengers Bengaluru,M Chinnaswamy Stadium,Bangalore,Mumbai Indians,field,Mumbai Indians,Royal Challengers Bengaluru,Mumbai Indians,1,1,0,Mumbai Indians vs Royal Challengers Bengaluru
1082603,2017-04-14,2017,Gujarat Titans,Rising Pune Supergiants,Saurashtra Cricket Association Stadium,Rajkot,Gujarat Titans,field,Gujarat Titans,Rising Pune Supergiants,Gujarat Titans,1,1,0,Gujarat Titans vs Rising Pune Supergiants
1082604,2017-04-15,2017,Kolkata Knight Riders,Sunrisers Hyderabad,Eden Gardens,Kolkata,Sunrisers Hyderabad,field,Sunrisers Hyderabad,Kolkata Knight Riders,Kolkata Knight Riders,0,0,1,Kolkata Knight Riders vs Sunrisers Hyderabad
1082605,2017-04-15,2017,Delhi Capitals,Punjab Kings,Feroz Shah Kotla,Delhi,Delhi Capitals,bat,Punjab Kings,Delhi Capitals,Delhi Capitals,1,0,1,Delhi Capitals vs Punjab Kings
1082606,2017-04-16,2017,Gujarat Titans,Mumbai Indians,Wankhede Stadium,Mumbai,Mumbai Indians,field,Mumbai Indians,Gujarat Titans,Mumbai Indians,1,1,0,Gujarat Titans vs Mumbai Indians
1082607,2017-04-16,2017,Rising Pune Supergiants,Royal Challengers Bengaluru,M Chinnaswamy Stadium,Bangalore,Royal Challengers Bengaluru,field,Royal Challengers Bengaluru,Rising Pune Supergiants,Rising Pune Supergiants,0,0,1,Rising Pune Supergiants vs Royal Challengers Bengaluru
1082608,2017-04-17,2017,Delhi Capitals,Kolkata Knight Riders,Feroz Shah Kotla,Delhi,Delhi Capitals,bat,Kolkata Knight Riders,Delhi Capitals,Kolkata Knight Riders,0,1,0,Delhi Capitals vs Kolkata Knight Riders
1082609,2017-04-17,2017,Punjab Kings,Sunrisers Hyderabad,Rajiv Gandhi International Stadium,Hyderabad,Punjab Kings,field,Punjab Kings,Sunrisers Hyderabad,Sunrisers Hyderabad,0,0,1,Punjab Kings vs Sunrisers Hyderabad
1082610,2017-04-18,2017,Gujarat Titans,Royal Challengers Bengaluru,Saurashtra Cricket Association Stadium,Rajkot,Gujarat Titans,field,Gujarat Titans,Royal Challengers Bengaluru,Royal Challengers Bengaluru,0,0,1,Gujarat Titans vs Royal Challengers Bengaluru
1082611,2017-04-19,2017,Delhi Capitals,Sunrisers Hyderabad,Rajiv Gandhi International Stadium,Hyderabad,Sunrisers Hyderabad,bat,Delhi Capitals,Sunrisers Hyderabad,Sunrisers Hyderabad,1,0,1,Delhi Capitals vs Sunrisers Hyderabad
1082612,2017-04-20,2017,Punjab Kings,Mumbai Indians,Holkar Cricket Stadium,Indore,Mumbai Indians,field,Mumbai Indians,Punjab Kings,Mumbai Indians,1,1,0,Mumbai Indians vs Punjab Kings
1082613,2017-04-21,2017,Gujarat Titans,Kolkata Knight Riders,Eden Gardens,Kolkata,Gujarat Titans,field,Gujarat Titans,Kolkata Knight Riders,Gujarat Titans,1,1,0,Gujarat Titans vs Kolkata Knight Riders
1082614,2017-04-22,2017,Delhi Capitals,Mumbai Indians,Wankhede Stadium,Mumbai,Delhi Capitals,field,Delhi Capitals,Mumbai Indians,Mumbai Indians,0,0,1,Delhi Capitals vs Mumbai Indians
1082615,2017-04-22,2017,Rising Pune Supergiants,Sunrisers Hyderabad,Maharashtra Cricket Association Stadium,Pune,Rising Pune Supergiants,field,Rising Pune Supergiants,Sunrisers Hyderabad,Rising Pune Supergiants,1,1,0,Rising Pune Supergiants vs Sunrisers Hyderabad
1082616,2017-04-23,2017,Gujarat Titans,Punjab Kings,Saurashtra Cricket Association Stadium,Rajkot,Gujarat Titans,field,Gujarat Titans,Punjab Kings,Punjab Kings,0,0,1,Gujarat Titans vs Punjab Kings
1082617,2017-04-23,2017,Kolkata Knight Riders,Royal Challengers Bengaluru,Eden Gardens,Kolkata,Royal Challengers Bengaluru,field,Royal Challengers Bengaluru,Kolkata Knight Riders,Kolkata Knight Riders,0,0,1,Kolkata Knight Riders vs Royal Challengers Bengaluru
1082618,2017-04-24,2017,Mumbai Indians,Rising Pune Supergiants,Wankhede Stadium,Mumbai,Mumbai Indians,field,Mumbai Indians,Rising Pune Supergiants,Rising Pune Supergiants,0,0,1,Mumbai Indians vs Rising Pune Supergiants
1082620,2017-04-26,2017,Kolkata Knight Riders,Rising Pune Supergiants,Maharashtra Cricket Association Stadium,Pune,Kolkata Knight Riders,field,Kolkata Knight Riders,Rising Pune Supergiants,Kolkata Knight Riders,1,1,0,Kolkata Knight Riders vs Rising Pune Supergiants
1082621,2017-04-27,2017,Gujarat Titans,Royal Challengers Bengaluru,M Chinnaswamy Stadium,Bangalore,Gujarat Titans,field,Gujarat Titans,Royal Challengers Bengaluru,Gujarat Titans,1,1,0,Gujarat Titans vs Royal Challengers Bengaluru
1082622,2017-04-28,2017,Delhi Capitals,Kolkata Knight Riders,Eden Gardens,Kolkata,Kolkata Knight Riders,field,Kolkata Knight Riders,Delhi Capitals,Kolkata Knight Riders,1,1,0,Delhi Capitals vs Kolkata Knight Riders
1082623,2017-04-28,2017,Punjab Kings,Sunrisers Hyderabad,Punjab Cricket Association IS Bindra Stadium,Chandigarh,Punjab Kings,field,Punjab Kings,Sunrisers Hyderabad,Sunrisers Hyderabad,0,0,1,Punjab Kings vs Sunrisers Hyderabad
1082624,2017-04-29,2017,Rising Pune Supergiants,Royal Challengers Bengaluru,Maharashtra Cricket Association Stadium,Pune,Royal Challengers Bengaluru,field,Royal Challengers Bengaluru,Rising Pune Supergiants,Rising Pune Supergiants,0,0,1,Rising Pune Supergiants vs Royal Challengers Bengaluru
1082625,2017-04-29,2017,Gujarat Titans,Mumbai Indians,Saurashtra Cricket Association Stadium,Rajkot,Gujarat Titans,bat,Mumbai Indians,Gujarat Titans,Unknown,0,0,0,Gujarat Titans vs Mumbai Indians
1082626,2017-04-30,2017,Delhi Capitals,Punjab Kings,Punjab Cricket Association IS Bindra Stadium,Chandigarh,Punjab Kings,field,Punjab Kings,Delhi Capitals,Punjab Kings,1,1,0,Delhi Capitals vs Punjab Kings
1082627,2017-04-30,2017,Kolkata Knight Riders,Sunrisers Hyderabad,Rajiv Gandhi International Stadium,Hyderabad,Kolkata Knight Riders,field,Kolkata Knight Riders,Sunrisers Hyderabad,Sunrisers Hyderabad,0,0,1,Kolkata Knight Riders vs Sunrisers Hyderabad
1082628,2017-05-01,2017,Mumbai Indians,Royal Challengers Bengaluru,Wankhede Stadium,Mumbai,Royal Challengers Bengaluru,bat,Mumbai Indians,Royal Challengers Bengaluru,Mumbai Indians,0,1,0,Mumbai Indians vs Royal Challengers Bengaluru
1082629,2017-05-01,2017,Gujarat Titans,Rising Pune Supergiants,Maharashtra Cricket Association Stadium,Pune,Rising Pune Supergiants,field,Rising Pune Supergiants,Gujarat Titans,Rising Pune Supergiants,1,1,0,Gujarat Titans vs Rising Pune Supergiants
1082630,2017-05-02,2017,Delhi Capitals,Sunrisers Hyderabad,Feroz Shah Kotla,Delhi,Delhi Capitals,field,Delhi Capitals,Sunrisers Hyderabad,Delhi Capitals,1,1,0,Delhi Capitals vs Sunrisers Hyderabad
1082631,2017-05-03,2017,Kolkata Knight Riders,Rising Pune Supergiants,Eden Gardens,Kolkata,Rising Pune Supergiants,field,Rising Pune Supergiants,Kolkata Knight Riders,Rising Pune Supergiants,1,1,0,Kolkata Knight Riders vs Rising Pune Supergiants
1082632,2017-05-04,2017,Delhi Capitals,Gujarat Titans,Feroz Shah Kotla,Delhi,Delhi Capitals,field,Delhi Capitals,Gujarat Titans,Delhi Capitals,1,1,0,Delhi Capitals vs Gujarat Titans
1082633,2017-05-05,2017,Punjab Kings,Royal Challengers Bengaluru,M Chinnaswamy Stadium,Bangalore,Royal Challengers Bengaluru,field,Royal Challengers Bengaluru,Punjab Kings,Punjab Kings,0,0,1,Punjab Kings vs Royal Challengers Bengaluru
1082634,2017-05-06,2017,Rising Pune Supergiants,Sunrisers Hyderabad,Rajiv Gandhi International Stadium,Hyderabad,Sunrisers Hyderabad,field,Sunrisers Hyderabad,Rising Pune Supergiants,Rising Pune Supergiants,0,0,1,Rising Pune Supergiants vs Sunrisers Hyderabad
1082635,2017-05-06,2017,Delhi Capitals,Mumbai Indians,Feroz Shah Kotla,Delhi,Delhi Capitals,field,Delhi Capitals,Mumbai Indians,Mumbai Indians,0,0,1,Delhi Capitals vs Mumbai Indians
1082636,2017-05-07,2017,Kolkata Knight Riders,Royal Challengers Bengaluru,M Chinnaswamy Stadium,Bangalore,Kolkata Knight Riders,field,Kolkata Knight Riders,Royal Challengers Bengaluru,Kolkata Knight Riders,1,1,0,Kolkata Knight Riders vs Royal Challengers Bengaluru
1082637,2017-05-07,2017,Gujarat Titans,Punjab Kings,Punjab Cricket Association IS Bindra Stadium,Chandigarh,Gujarat Titans,field,Gujarat Titans,Punjab Kings,Gujarat Titans,1,1,0,Gujarat Titans vs Punjab Kings
1082638,2017-05-08,2017,Mumbai Indians,Sunrisers Hyderabad,Rajiv Gandhi International Stadium,Hyderabad,Mumbai Indians,bat,Sunrisers Hyderabad,Mumbai Indians,Sunrisers Hyderabad,0,1,0,Mumbai Indians vs Sunrisers Hyderabad
1082639,2017-05-09,2017,Punjab Kings,Kolkata Knight Riders,Punjab Cricket Association IS Bindra Stadium,Chandigarh,Kolkata Knight Riders,field,Kolkata Knight Riders,Punjab Kings,Punjab Kings,0,0,1,Kolkata Knight Riders vs Punjab Kings
1082640,2017-05-10,2017,Delhi Capitals,Gujarat Titans,Green Park,Kanpur,Delhi Capitals,field,Delhi Capitals,Gujarat Titans,Delhi Capitals,1,1,0,Delhi Capitals vs Gujarat Titans
1082641,2017-05-11,2017,Punjab Kings,Mumbai Indians,Wankhede Stadium,Mumbai,Mumbai Indians,field,Mumbai Indians,Punjab Kings,Punjab Kings,0,0,1,Mumbai Indians vs Punjab Kings
1082642,2017-05-12,2017,Delhi Capitals,Rising Pune Supergiants,Feroz Shah Kotla,Delhi,Delhi Capitals,bat,Rising Pune Supergiants,Delhi Capitals,Delhi Capitals,1,0,1,Delhi Capitals vs Rising Pune Supergiants
1082643,2017-05-13,2017,Gujarat Titans,Sunrisers Hyderabad,Green Park,Kanpur,Sunrisers Hyderabad,field,Sunrisers Hyderabad,Gujarat Titans,Sunrisers Hyderabad,1,1,0,Gujarat Titans vs Sunrisers Hyderabad
1082644,2017-05-13,2017,Kolkata Knight Riders,Mumbai Indians,Eden Gardens,Kolkata,Kolkata Knight Riders,field,Kolkata Knight Riders,Mumbai Indians,Mumbai Indians,0,0,1,Kolkata Knight Riders vs Mumbai Indians
1082645,2017-05-14,2017,Punjab Kings,Rising Pune Supergiants,Maharashtra Cricket Association Stadium,Pune,Rising Pune Supergiants,field,Rising Pune Supergiants,Punjab Kings,Rising Pune Supergiants,1,1,0,Punjab Kings vs Rising Pune Supergiants
1082646,2017-05-14,2017,Delhi Capitals,Royal Challengers Bengaluru,Feroz Shah Kotla,Delhi,Royal Challengers Bengaluru,bat,Delhi Capitals,Royal Challengers Bengaluru,Royal Challengers Bengaluru,1,0,1,Delhi Capitals vs Royal Challengers Bengaluru
1082647,2017-05-16,2017,Mumbai Indians,Rising Pune Supergiants,Wankhede Stadium,Mumbai,Mumbai Indians,field,Mumbai Indians,Rising Pune Supergiants,Rising Pune Supergiants,0,0,1,Mumbai Indians vs Rising Pune Supergiants
1082648,2017-05-17,2017,Kolkata Knight Riders,Sunrisers Hyderabad,M Chinnaswamy Stadium,Bangalore,Kolkata Knight Riders,field,Kolkata Knight Riders,Sunrisers Hyderabad,Kolkata Knight Riders,1,1,0,Kolkata Knight Riders vs Sunrisers Hyderabad
1082649,2017-05-19,2017,Kolkata Knight Riders,Mumbai Indians,M Chinnaswamy Stadium,Bangalore,Mumbai Indians,field,Mumbai Indians,Kolkata Knight Riders,Mumbai Indians,1,1,0,Kolkata Knight Riders vs Mumbai Indians
1082650,2017-05-21,2017,Mumbai Indians,Rising Pune Supergiants,Rajiv Gandhi International Stadium,Hyderabad,Mumbai Indians,bat,Rising Pune Supergiants,Mumbai Indians,Mumbai Indians,1,0,1,Mumbai Indians vs Rising Pune Supergiants
1136561,2018-04-07,2018,Chennai Super Kings,Mumbai Indians,Wankhede Stadium,Mumbai,Chennai Super Kings,field,Chennai Super Kings,Mumbai Indians,Chennai Super Kings,1,1,0,Chennai Super Kings vs Mumbai Indians
1136562,2018-04-08,2018,Delhi Capitals,Punjab Kings,Punjab Cricket Association IS Bindra Stadium,Chandigarh,Punjab Kings,field,Punjab Kings,Delhi Capitals,Punjab Kings,1,1,0,Delhi Capitals vs Punjab Kings
1136563,2018-04-08,2018,Kolkata Knight Riders,Royal Challengers Bengaluru,Eden Gardens,Kolkata,Kolkata Knight Riders,field,Kolkata Knight Riders,Royal Challengers Bengaluru,Kolkata Knight Riders,1,1,0,Kolkata Knight Riders vs Royal Challengers Bengaluru
1136564,2018-04-09,2018,Rajasthan Royals,Sunrisers Hyderabad,Rajiv Gandhi International Stadium,Hyderabad,Sunrisers Hyderabad,field,Sunrisers Hyderabad,Rajasthan Royals,Sunrisers Hyderabad,1,1,0,Rajasthan Royals vs Sunrisers Hyderabad
1136565,2018-04-10,2018,Chennai Super Kings,Kolkata Knight Riders,MA Chidambaram Stadium,Chennai,Chennai Super Kings,field,Chennai Super Kings,Kolkata Knight Riders,Chennai Super Kings,1,1,0,Chennai Super Kings vs Kolkata Knight Riders
1136566,2018-04-11,2018,Delhi Capitals,Rajasthan Royals,Sawai Mansingh Stadium,Jaipur,Delhi Capitals,field,Delhi Capitals,Rajasthan Royals,Rajasthan Royals,0,0,1,Delhi Capitals vs Rajasthan Royals
1136567,2018-04-12,2018,Mumbai Indians,Sunrisers Hyderabad,Rajiv Gandhi International Stadium,Hyderabad,Sunrisers Hyderabad,field,Sunrisers Hyderabad,Mumbai Indians,Sunrisers Hyderabad,1,1,0,Mumbai Indians vs Sunrisers Hyderabad
1136568,2018-04-13,2018,Punjab Kings,Royal Challengers Bengaluru,M.Chinnaswamy Stadium,Bengaluru,Royal Challengers Bengaluru,field,Royal Challengers Bengaluru,Punjab Kings,Royal Challengers Bengaluru,1,1,0,Punjab Kings vs Royal Challengers Bengaluru
1136569,2018-04-14,2018,Delhi Capitals,Mumbai Indians,Wankhede Stadium,Mumbai,Delhi Capitals,field,Delhi Capitals,Mumbai Indians,Delhi Capitals,1,1,0,Delhi Capitals vs Mumbai Indians
1136570,2018-04-14,2018,Kolkata Knight Riders,Sunrisers Hyderabad,Eden Gardens,Kolkata,Sunrisers Hyderabad,field,Sunrisers Hyderabad,Kolkata Knight Riders,Sunrisers Hyderabad,1,1,0,Kolkata Knight Riders vs Sunrisers Hyderabad
1136571,2018-04-15,2018,Rajasthan Royals,Royal Challengers Bengaluru,M.Chinnaswamy Stadium,Bengaluru,Royal Challengers Bengaluru,field,Royal Challengers Bengaluru,Rajasthan Royals,Rajasthan Royals,0,0,1,Rajasthan Royals vs Royal Challengers Bengaluru
1136572,2018-04-15,2018,Chennai Super Kings,Punjab Kings,Punjab Cricket Association IS Bindra Stadium,Chandigarh,Chennai Super Kings,field,Chennai Super Kings,Punjab Kings,Punjab Kings,0,0,1,Chennai Super Kings vs Punjab Kings
1136573,2018-04-16,2018,Delhi Capitals,Kolkata Knight Riders,Eden Gardens,Kolkata,Delhi Capitals,field,Delhi Capitals,Kolkata Knight Riders,Kolkata Knight Riders,0,0,1,Delhi Capitals vs Kolkata Knight Riders
1136574,2018-04-17,2018,Mumbai Indians,Royal Challengers Bengaluru,Wankhede Stadium,Mumbai,Royal Challengers Bengaluru,field,Royal Challengers Bengaluru,Mumbai Indians,Mumbai Indians,0,0,1,Mumbai Indians vs Royal Challengers Bengaluru
1136575,2018-04-18,2018,Kolkata Knight Riders,Rajasthan Royals,Sawai Mansingh Stadium,Jaipur,Kolkata Knight Riders,field,Kolkata Knight Riders,Rajasthan Royals,Kolkata Knight Riders,1,1,0,Kolkata Knight Riders vs Rajasthan Royals
1136576,2018-04-19,2018,Punjab Kings,Sunrisers Hyderabad,Punjab Cricket Association IS Bindra Stadium,Chandigarh,Punjab Kings,bat,Sunrisers Hyderabad,Punjab Kings,Punjab Kings,1,0,1,Punjab Kings vs Sunrisers Hyderabad
1136577,2018-04-20,2018,Chennai Super Kings,Rajasthan Royals,Maharashtra Cricket Association Stadium,Pune,Rajasthan Royals,field,Rajasthan Royals,Chennai Super Kings,Chennai Super Kings,0,0,1,Chennai Super Kings vs Rajasthan Royals
1136578,2018-04-21,2018,Punjab Kings,Kolkata Knight Riders,Eden Gardens,Kolkata,Punjab Kings,field,Punjab Kings,Kolkata Knight Riders,Punjab Kings,1,1,0,Kolkata Knight Riders vs Punjab Kings
1136579,2018-04-21,2018,Delhi Capitals,Royal Challengers Bengaluru,M.Chinnaswamy Stadium,Bengaluru,Royal Challengers Bengaluru,field,Royal Challengers Bengaluru,Delhi Capitals,Royal Challengers Bengaluru,1,1,0,Delhi Capitals vs Royal Challengers Bengaluru
1136580,2018-04-22,2018,Chennai Super Kings,Sunrisers Hyderabad,Rajiv Gandhi International Stadium,Hyderabad,Sunrisers Hyderabad,field,Sunrisers Hyderabad,Chennai Super Kings,Chennai Super Kings,0,0,1,Chennai Super Kings vs Sunrisers Hyderabad
1136581,2018-04-22,2018,Mumbai Indians,Rajasthan Royals,Sawai Mansingh Stadium,Jaipur,Mumbai Indians,bat,Rajasthan Royals,Mumbai Indians,Rajasthan Royals,0,1,0,Mumbai Indians vs Rajasthan Royals
1136582,2018-04-23,2018,Delhi Capitals,Punjab Kings,Arun Jaitley Stadium,Delhi,Delhi Capitals,field,Delhi Capitals,Punjab Kings,Punjab Kings,0,0,1,Delhi Capitals vs Punjab Kings
1136583,2018-04-24,2018,Mumbai Indians,Sunrisers Hyderabad,Wankhede Stadium,Mumbai,Mumbai Indians,field,Mumbai Indians,Sunrisers Hyderabad,Sunrisers Hyderabad,0,0,1,Mumbai Indians vs Sunrisers Hyderabad
1136584,2018-04-25,2018,Chennai Super Kings,Royal Challengers Bengaluru,M.Chinnaswamy Stadium,Bengaluru,Chennai Super Kings,field,Chennai Super Kings,Royal Challengers Bengaluru,Chennai Super Kings,1,1,0,Chennai Super Kings vs Royal Challengers Bengaluru
1136585,2018-04-26,2018,Punjab Kings,Sunrisers Hyderabad,Rajiv Gandhi International Stadium,Hyderabad,Punjab Kings,field,Punjab Kings,Sunrisers Hyderabad,Sunrisers Hyderabad,0,0,1,Punjab Kings vs Sunrisers Hyderabad
1136586,2018-04-27,2018,Delhi Capitals,Kolkata Knight Riders,Arun Jaitley Stadium,Delhi,Kolkata Knight Riders,field,Kolkata Knight Riders,Delhi Capitals,Delhi Capitals,0,0,1,Delhi Capitals vs Kolkata Knight Riders
1136587,2018-04-28,2018,Chennai Super Kings,Mumbai Indians,Maharashtra Cricket Association Stadium,Pune,Mumbai Indians,field,Mumbai Indians,Chennai Super Kings,Mumbai Indians,1,1,0,Chennai Super Kings vs Mumbai Indians
1136588,2018-04-29,2018,Rajasthan Royals,Sunrisers Hyderabad,Sawai Mansingh Stadium,Jaipur,Sunrisers Hyderabad,bat,Rajasthan Royals,Sunrisers Hyderabad,Sunrisers Hyderabad,1,0,1,Rajasthan Royals vs Sunrisers Hyderabad
1136589,2018-04-29,2018,Kolkata Knight Riders,Royal Challengers Bengaluru,M.Chinnaswamy Stadium,Bengaluru,Kolkata Knight Riders,field,Kolkata Knight Riders,Royal Challengers Bengaluru,Kolkata Knight Riders,1,1,0,Kolkata Knight Riders vs Royal Challengers Bengaluru
1136590,2018-04-30,2018,Chennai Super Kings,Delhi Capitals,Maharashtra Cricket Association Stadium,Pune,Delhi Capitals,field,Delhi Capitals,Chennai Super Kings,Chennai Super Kings,0,0,1,Chennai Super Kings vs Delhi Capitals
1136591,2018-05-01,2018,Mumbai Indians,Royal Challengers Bengaluru,M.Chinnaswamy Stadium,Bengaluru,Mumbai Indians,field,Mumbai Indians,Royal Challengers Bengaluru,Royal Challengers Bengaluru,0,0,1,Mumbai Indians vs Royal Challengers Bengaluru
1136592,2018-05-02,2018,Delhi Capitals,Rajasthan Royals,Arun Jaitley Stadium,Delhi,Rajasthan Royals,field,Rajasthan Royals,Delhi Capitals,Delhi Capitals,0,0,1,Delhi Capitals vs Rajasthan Royals
1136593,2018-05-03,2018,Chennai Super Kings,Kolkata Knight Riders,Eden Gardens,Kolkata,Kolkata Knight Riders,field,Kolkata Knight Riders,Chennai Super Kings,Kolkata Knight Riders,1,1,0,Chennai Super Kings vs Kolkata Knight Riders
1136594,2018-05-04,2018,Punjab Kings,Mumbai Indians,Holkar Cricket Stadium,Indore,Mumbai Indians,field,Mumbai Indians,Punjab Kings,Mumbai Indians,1,1,0,Mumbai Indians vs Punjab Kings
1136595,2018-05-05,2018,Chennai Super Kings,Royal Challengers Bengaluru,Maharashtra Cricket Association Stadium,Pune,Chennai Super Kings,field,Chennai Super Kings,Royal Challengers Bengaluru,Chennai Super Kings,1,1,0,Chennai Super Kings vs Royal Challengers Bengaluru
1136596,2018-05-05,2018,Delhi Capitals,Sunrisers Hyderabad,Rajiv Gandhi International Stadium,Hyderabad,Delhi Capitals,bat,Sunrisers Hyderabad,Delhi Capitals,Sunrisers Hyderabad,0,1,0,Delhi Capitals vs Sunrisers Hyderabad
1136597,2018-05-06,2018,Kolkata Knight Riders,Mumbai Indians,Wankhede Stadium,Mumbai,Kolkata Knight Riders,field,Kolkata Knight Riders,Mumbai Indians,Mumbai Indians,0,0,1,Kolkata Knight Riders vs Mumbai Indians
1136598,2018-05-06,2018,Punjab Kings,Rajasthan Royals,Holkar Cricket Stadium,Indore,Punjab Kings,field,Punjab Kings,Rajasthan Royals,Punjab Kings,1,1,0,Punjab Kings vs Rajasthan Royals
1136599,2018-05-07,2018,Royal Challengers Bengaluru,Sunrisers Hyderabad,Rajiv Gandhi International Stadium,Hyderabad,Royal Challengers Bengaluru,field,Royal Challengers Bengaluru,Sunrisers Hyderabad,Sunrisers Hyderabad,0,0,1,Royal Challengers Bengaluru vs Sunrisers Hyderabad
1136600,2018-05-08,2018,Punjab Kings,Rajasthan Royals,Sawai Mansingh Stadium,Jaipur,Rajasthan Royals,bat,Punjab Kings,Rajasthan Royals,Rajasthan Royals,1,0,1,Punjab Kings vs Rajasthan Royals
1136601,2018-05-09,2018,Kolkata Knight Riders,Mumbai Indians,Eden Gardens,Kolkata,Kolkata Knight Riders,field,Kolkata Knight Riders,Mumbai Indians,Mumbai Indians,0,0,1,Kolkata Knight Riders vs Mumbai Indians
1136602,2018-05-10,2018,Delhi Capitals,Sunrisers Hyderabad,Arun Jaitley Stadium,Delhi,Delhi Capitals,bat,Sunrisers Hyderabad,Delhi Capitals,Sunrisers Hyderabad,0,1,0,Delhi Capitals vs Sunrisers Hyderabad
1136603,2018-05-11,2018,Chennai Super Kings,Rajasthan Royals,Sawai Mansingh Stadium,Jaipur,Chennai Super Kings,bat,Rajasthan Royals,Chennai Super Kings,Rajasthan Royals,0,1,0,Chennai Super Kings vs Rajasthan Royals
1136604,2018-05-12,2018,Punjab Kings,Kolkata Knight Riders,Holkar Cricket Stadium,Indore,Punjab Kings,field,Punjab Kings,Kolkata Knight Riders,Kolkata Knight Riders,0,0,1,Kolkata Knight Riders vs Punjab Kings
1136605,2018-05-12,2018,Delhi Capitals,Royal Challengers Bengaluru,Arun Jaitley Stadium,Delhi,Royal Challengers Bengaluru,field,Royal Challengers Bengaluru,Delhi Capitals,Royal Challengers Bengaluru,1,1,0,Delhi Capitals vs Royal Challengers Bengaluru
1136606,2018-05-13,2018,Chennai Super Kings,Sunrisers Hyderabad,Maharashtra Cricket Association Stadium,Pune,Chennai Super Kings,field,Chennai Super Kings,Sunrisers Hyderabad,Chennai Super Kings,1,1,0,Chennai Super Kings vs Sunrisers Hyderabad
1136607,2018-05-13,2018,Mumbai Indians,Rajasthan Royals,Wankhede Stadium,Mumbai,Rajasthan Royals,field,Rajasthan Royals,Mumbai Indians,Rajasthan Royals,1,1,0,Mumbai Indians vs Rajasthan Royals
1136608,2018-05-14,2018,Punjab Kings,Royal Challengers Bengaluru,Holkar Cricket Stadium,Indore,Royal Challengers Bengaluru,field,Royal Challengers Bengaluru,Punjab Kings,Royal Challengers Bengaluru,1,1,0,Punjab Kings vs Royal Challengers Bengaluru
1136609,2018-05-15,2018,Kolkata Knight Riders,Rajasthan Royals,Eden Gardens,Kolkata,Kolkata Knight Riders,field,Kolkata Knight Riders,Rajasthan Royals,Kolkata Knight Riders,1,1,0,Kolkata Knight Riders vs Rajasthan Royals
1136610,2018-05-16,2018,Punjab Kings,Mumbai Indians,Wankhede Stadium,Mumbai,Punjab Kings,field,Punjab Kings,Mumbai Indians,Mumbai Indians,0,0,1,Mumbai Indians vs Punjab Kings
1136611,2018-05-17,2018,Royal Challengers Bengaluru,Sunrisers Hyderabad,M.Chinnaswamy Stadium,Bengaluru,Sunrisers Hyderabad,field,Sunrisers Hyderabad,Royal Challengers Bengaluru,Royal Challengers Bengaluru,0,0,1,Royal Challengers Bengaluru vs Sunrisers Hyderabad
1136612,2018-05-18,2018,Chennai Super Kings,Delhi Capitals,Arun Jaitley Stadium,Delhi,Chennai Super Kings,field,Chennai Super Kings,Delhi Capitals,Delhi Capitals,0,0,1,Chennai Super Kings vs Delhi Capitals
1136613,2018-05-19,2018,Rajasthan Royals,Royal Challengers Bengaluru,Sawai Mansingh Stadium,Jaipur,Rajasthan Royals,bat,Royal Challengers Bengaluru,Rajasthan Royals,Rajasthan Royals,1,0,1,Rajasthan Royals vs Royal Challengers Bengaluru
1136614,2018-05-19,2018,Kolkata Knight Riders,Sunrisers Hyderabad,Rajiv Gandhi International Stadium,Hyderabad,Sunrisers Hyderabad,bat,Kolkata Knight Riders,Sunrisers Hyderabad,Kolkata Knight Riders,0,1,0,Kolkata Knight Riders vs Sunrisers Hyderabad
1136615,2018-05-20,2018,Delhi Capitals,Mumbai Indians,Arun Jaitley Stadium,Delhi,Delhi Capitals,bat,Mumbai Indians,Delhi Capitals,Delhi Capitals,1,0,1,Delhi Capitals vs Mumbai Indians
1136616,2018-05-20,2018,Chennai Super Kings,Punjab Kings,Maharashtra Cricket Association Stadium,Pune,Chennai Super Kings,field,Chennai Super Kings,Punjab Kings,Chennai Super Kings,1,1,0,Chennai Super Kings vs Punjab Kings
1136617,2018-05-22,2018,Chennai Super Kings,Sunrisers Hyderabad,Wankhede Stadium,Mumbai,Chennai Super Kings,field,Chennai Super Kings,Sunrisers Hyderabad,Chennai Super Kings,1,1,0,Chennai Super Kings vs Sunrisers Hyderabad
1136618,2018-05-23,2018,Kolkata Knight Riders,Rajasthan Royals,Eden Gardens,Kolkata,Rajasthan Royals,field,Rajasthan Royals,Kolkata Knight Riders,Kolkata Knight Riders,0,0,1,Kolkata Knight Riders vs Rajasthan Royals
1136619,2018-05-25,2018,Kolkata Knight Riders,Sunrisers Hyderabad,Eden Gardens,Kolkata,Kolkata Knight Riders,field,Kolkata Knight Riders,Sunrisers Hyderabad,Sunrisers Hyderabad,0,0,1,Kolkata Knight Riders vs Sunrisers Hyderabad
1136620,2018-05-27,2018,Chennai Super Kings,Sunrisers Hyderabad,Wankhede Stadium,Mumbai,Chennai Super Kings,field,Chennai Super Kings,Sunrisers Hyderabad,Chennai Super Kings,1,1,0,Chennai Super Kings vs Sunrisers Hyderabad
1175356,2019-03-23,2019,Chennai Super Kings,Royal Challengers Bengaluru,MA Chidambaram Stadium,Chennai,Chennai Super Kings,field,Chennai Super Kings,Royal Challengers Bengaluru,Chennai Super Kings,1,1,0,Chennai Super Kings vs Royal Challengers Bengaluru
1175357,2019-03-24,2019,Kolkata Knight Riders,Sunrisers Hyderabad,Eden Gardens,Kolkata,Kolkata Knight Riders,field,Kolkata Knight Riders,Sunrisers Hyderabad,Kolkata Knight Riders,1,1,0,Kolkata Knight Riders vs Sunrisers Hyderabad
1175358,2019-03-24,2019,Delhi Capitals,Mumbai Indians,Wankhede Stadium,Mumbai,Mumbai Indians,field,Mumbai Indians,Delhi Capitals,Delhi Capitals,0,0,1,Delhi Capitals vs Mumbai Indians
1175359,2019-03-25,2019,Punjab Kings,Rajasthan Royals,Sawai Mansingh Stadium,Jaipur,Rajasthan Royals,field,Rajasthan Royals,Punjab Kings,Punjab Kings,0,0,1,Punjab Kings vs Rajasthan Royals
1175360,2019-03-26,2019,Chennai Super Kings,Delhi Capitals,Arun Jaitley Stadium,Delhi,Delhi Capitals,bat,Chennai Super Kings,Delhi Capitals,Chennai Super Kings,0,1,0,Chennai Super Kings vs Delhi Capitals
1175361,2019-03-27,2019,Punjab Kings,Kolkata Knight Riders,Eden Gardens,Kolkata,Punjab Kings,field,Punjab Kings,Kolkata Knight Riders,Kolkata Knight Riders,0,0,1,Kolkata Knight Riders vs Punjab Kings
1175362,2019-03-28,2019,Mumbai Indians,Royal Challengers Bengaluru,M.Chinnaswamy Stadium,Bengaluru,Royal Challengers Bengaluru,field,Royal Challengers Bengaluru,Mumbai Indians,Mumbai Indians,0,0,1,Mumbai Indians vs Royal Challengers Bengaluru
1175363,2019-03-29,2019,Rajasthan Royals,Sunrisers Hyderabad,Rajiv Gandhi International Stadium,Hyderabad,Rajasthan Royals,bat,Sunrisers Hyderabad,Rajasthan Royals,Sunrisers Hyderabad,0,1,0,Rajasthan Royals vs Sunrisers Hyderabad
1175364,2019-03-30,2019,Punjab Kings,Mumbai Indians,Punjab Cricket Association IS Bindra Stadium,Chandigarh,Punjab Kings,field,Punjab Kings,Mumbai Indians,Punjab Kings,1,1,0,Mumbai Indians vs Punjab Kings
1175365,2019-03-30,2019,Delhi Capitals,Kolkata Knight Riders,Arun Jaitley Stadium,Delhi,Delhi Capitals,field,Delhi Capitals,Kolkata Knight Riders,Unknown,0,0,0,Delhi Capitals vs Kolkata Knight Riders
1175366,2019-03-31,2019,Royal Challengers Bengaluru,Sunrisers Hyderabad,Rajiv Gandhi International Stadium,Hyderabad,Royal Challengers Bengaluru,field,Royal Challengers Bengaluru,Sunrisers Hyderabad,Sunrisers Hyderabad,0,0,1,Royal Challengers Bengaluru vs Sunrisers Hyderabad
1175367,2019-03-31,2019,Chennai Super Kings,Rajasthan Royals,MA Chidambaram Stadium,Chennai,Rajasthan Royals,field,Rajasthan Royals,Chennai Super Kings,Chennai Super Kings,0,0,1,Chennai Super Kings vs Rajasthan Royals
1175368,2019-04-01,2019,Delhi Capitals,Punjab Kings,Punjab Cricket Association IS Bindra Stadium,Chandigarh,Delhi Capitals,field,Delhi Capitals,Punjab Kings,Punjab Kings,0,0,1,Delhi Capitals vs Punjab Kings
1175369,2019-04-02,2019,Rajasthan Royals,Royal Challengers Bengaluru,Sawai Mansingh Stadium,Jaipur,Rajasthan Royals,field,Rajasthan Royals,Royal Challengers Bengaluru,Rajasthan Royals,1,1,0,Rajasthan Royals vs Royal Challengers Bengaluru
1175370,2019-04-03,2019,Chennai Super Kings,Mumbai Indians,Wankhede Stadium,Mumbai,Chennai Super Kings,field,Chennai Super Kings,Mumbai Indians,Mumbai Indians,0,0,1,Chennai Super Kings vs Mumbai Indians
1175371,2019-04-04,2019,Delhi Capitals,Sunrisers Hyderabad,Arun Jaitley Stadium,Delhi,Sunrisers Hyderabad,field,Sunrisers Hyderabad,Delhi Capitals,Sunrisers Hyderabad,1,1,0,Delhi Capitals vs Sunrisers Hyderabad
1175372,2019-04-05,2019,Kolkata Knight Riders,Royal Challengers Bengaluru,M.Chinnaswamy Stadium,Bengaluru,Kolkata Knight Riders,field,Kolkata Knight Riders,Royal Challengers Bengaluru,Kolkata Knight Riders,1,1,0,Kolkata Knight Riders vs Royal Challengers Bengaluru
1178393,2019-04-06,2019,Chennai Super Kings,Punjab Kings,MA Chidambaram Stadium,Chennai,Chennai Super Kings,bat,Punjab Kings,Chennai Super Kings,Chennai Super Kings,1,0,1,Chennai Super Kings vs Punjab Kings
1178394,2019-04-06,2019,Mumbai Indians,Sunrisers Hyderabad,Rajiv Gandhi International Stadium,Hyderabad,Sunrisers Hyderabad,field,Sunrisers Hyderabad,Mumbai Indians,Mumbai Indians,0,0,1,Mumbai Indians vs Sunrisers Hyderabad
1178395,2019-04-07,2019,Delhi Capitals,Royal Challengers Bengaluru,M.Chinnaswamy Stadium,Bengaluru,Delhi Capitals,field,Delhi Capitals,Royal Challengers Bengaluru,Delhi Capitals,1,1,0,Delhi Capitals vs Royal Challengers Bengaluru
1178396,2019-04-07,2019,Kolkata Knight Riders,Rajasthan Royals,Sawai Mansingh Stadium,Jaipur,Kolkata Knight Riders,field,Kolkata Knight Riders,Rajasthan Royals,Kolkata Knight Riders,1,1,0,Kolkata Knight Riders vs Rajasthan Royals
1178397,2019-04-08,2019,Punjab Kings,Sunrisers Hyderabad,Punjab Cricket Association IS Bindra Stadium,Chandigarh,Punjab Kings,field,Punjab Kings,Sunrisers Hyderabad,Punjab Kings,1,1,0,Punjab Kings vs Sunrisers Hyderabad
1178398,2019-04-09,2019,Chennai Super Kings,Kolkata Knight Riders,MA Chidambaram Stadium,Chennai,Chennai Super Kings,field,Chennai Super Kings,Kolkata Knight Riders,Chennai Super Kings,1,1,0,Chennai Super Kings vs Kolkata Knight Riders
1178399,2019-04-10,2019,Punjab Kings,Mumbai Indians,Wankhede Stadium,Mumbai,Mumbai Indians,field,Mumbai Indians,Punjab Kings,Mumbai Indians,1,1,0,Mumbai Indians vs Punjab Kings
1178400,2019-04-11,2019,Chennai Super Kings,Rajasthan Royals,Sawai Mansingh Stadium,Jaipur,Chennai Super Kings,field,Chennai Super Kings,Rajasthan Royals,Chennai Super Kings,1,1,0,Chennai Super Kings vs Rajasthan Royals
1178401,2019-04-12,2019,Delhi Capitals,Kolkata Knight Riders,Eden Gardens,Kolkata,Delhi Capitals,field,Delhi Capitals,Kolkata Knight Riders,Delhi Capitals,1,1,0,Delhi Capitals vs Kolkata Knight Riders
1178402,2019-04-13,2019,Mumbai Indians,Rajasthan Royals,Wankhede Stadium,Mumbai,Rajasthan Royals,field,Rajasthan Royals,Mumbai Indians,Rajasthan Royals,1,1,0,Mumbai Indians vs Rajasthan Royals
1178403,2019-04-13,2019,Punjab Kings,Royal Challengers Bengaluru,Punjab Cricket Association IS Bindra Stadium,Chandigarh,Royal Challengers Bengaluru,field,Royal Challengers Bengaluru,Punjab Kings,Royal Challengers Bengaluru,1,1,0,Punjab Kings vs Royal Challengers Bengaluru
1178404,2019-04-14,2019,Chennai Super Kings,Kolkata Knight Riders,Eden Gardens,Kolkata,Chennai Super Kings,field,Chennai Super Kings,Kolkata Knight Riders,Chennai Super Kings,1,1,0,Chennai Super Kings vs Kolkata Knight Riders
1178405,2019-04-14,2019,Delhi Capitals,Sunrisers Hyderabad,Rajiv Gandhi International Stadium,Hyderabad,Sunrisers Hyderabad,field,Sunrisers Hyderabad,Delhi Capitals,Delhi Capitals,0,0,1,Delhi Capitals vs Sunrisers Hyderabad
1178406,2019-04-15,2019,Mumbai Indians,Royal Challengers Bengaluru,Wankhede Stadium,Mumbai,Mumbai Indians,field,Mumbai Indians,Royal Challengers Bengaluru,Mumbai Indians,1,1,0,Mumbai Indians vs Royal Challengers Bengaluru
1178407,2019-04-16,2019,Punjab Kings,Rajasthan Royals,Punjab Cricket Association IS Bindra Stadium,Chandigarh,Rajasthan Royals,field,Rajasthan Royals,Punjab Kings,Punjab Kings,0,0,1,Punjab Kings vs Rajasthan Royals
1178408,2019-04-17,2019,Chennai Super Kings,Sunrisers Hyderabad,Rajiv Gandhi International Stadium,Hyderabad,Chennai Super Kings,bat,Sunrisers Hyderabad,Chennai Super Kings,Sunrisers Hyderabad,0,1,0,Chennai Super Kings vs Sunrisers Hyderabad
1178409,2019-04-18,2019,Delhi Capitals,Mumbai Indians,Arun Jaitley Stadium,Delhi,Mumbai Indians,bat,Delhi Capitals,Mumbai Indians,Mumbai Indians,1,0,1,Delhi Capitals vs Mumbai Indians
1178410,2019-04-19,2019,Kolkata Knight Riders,Royal Challengers Bengaluru,Eden Gardens,Kolkata,Kolkata Knight Riders,field,Kolkata Knight Riders,Royal Challengers Bengaluru,Royal Challengers Bengaluru,0,0,1,Kolkata Knight Riders vs Royal Challengers Bengaluru
1178411,2019-04-20,2019,Mumbai Indians,Rajasthan Royals,Sawai Mansingh Stadium,Jaipur,Rajasthan Royals,field,Rajasthan Royals,Mumbai Indians,Rajasthan Royals,1,1,0,Mumbai Indians vs Rajasthan Royals
1178412,2019-04-20,2019,Delhi Capitals,Punjab Kings,Arun Jaitley Stadium,Delhi,Delhi Capitals,field,Delhi Capitals,Punjab Kings,Delhi Capitals,1,1,0,Delhi Capitals vs Punjab Kings
1178413,2019-04-21,2019,Kolkata Knight Riders,Sunrisers Hyderabad,Rajiv Gandhi International Stadium,Hyderabad,Sunrisers Hyderabad,field,Sunrisers Hyderabad,Kolkata Knight Riders,Sunrisers Hyderabad,1,1,0,Kolkata Knight Riders vs Sunrisers Hyderabad
1178414,2019-04-21,2019,Chennai Super Kings,Royal Challengers Bengaluru,M.Chinnaswamy Stadium,Bengaluru,Chennai Super Kings,field,Chennai Super Kings,Royal Challengers Bengaluru,Royal Challengers Bengaluru,0,0,1,Chennai Super Kings vs Royal Challengers Bengaluru
1178415,2019-04-22,2019,Delhi Capitals,Rajasthan Royals,Sawai Mansingh Stadium,Jaipur,Delhi Capitals,field,Delhi Capitals,Rajasthan Royals,Delhi Capitals,1,1,0,Delhi Capitals vs Rajasthan Royals
1178416,2019-04-23,2019,Chennai Super Kings,Sunrisers Hyderabad,MA Chidambaram Stadium,Chennai,Chennai Super Kings,field,Chennai Super Kings,Sunrisers Hyderabad,Chennai Super Kings,1,1,0,Chennai Super Kings vs Sunrisers Hyderabad
1178417,2019-04-24,2019,Punjab Kings,Royal Challengers Bengaluru,M.Chinnaswamy Stadium,Bengaluru,Punjab Kings,field,Punjab Kings,Royal Challengers Bengaluru,Royal Challengers Bengaluru,0,0,1,Punjab Kings vs Royal Challengers Bengaluru
1178418,2019-04-25,2019,Kolkata Knight Riders,Rajasthan Royals,Eden Gardens,Kolkata,Rajasthan Royals,field,Rajasthan Royals,Kolkata Knight Riders,Rajasthan Royals,1,1,0,Kolkata Knight Riders vs Rajasthan Royals
1178419,2019-04-26,2019,Chennai Super Kings,Mumbai Indians,MA Chidambaram Stadium,Chennai,Chennai Super Kings,field,Chennai Super Kings,Mumbai Indians,Mumbai Indians,0,0,1,Chennai Super Kings vs Mumbai Indians
1178420,2019-04-27,2019,Rajasthan Royals,Sunrisers Hyderabad,Sawai Mansingh Stadium,Jaipur,Rajasthan Royals,field,Rajasthan Royals,Sunrisers Hyderabad,Rajasthan Royals,1,1,0,Rajasthan Royals vs Sunrisers Hyderabad
1178421,2019-04-28,2019,Delhi Capitals,Royal Challengers Bengaluru,Arun Jaitley Stadium,Delhi,Delhi Capitals,bat,Royal Challengers Bengaluru,Delhi Capitals,Delhi Capitals,1,0,1,Delhi Capitals vs Royal Challengers Bengaluru
1178422,2019-04-28,2019,Kolkata Knight Riders,Mumbai Indians,Eden Gardens,Kolkata,Mumbai Indians,field,Mumbai Indians,Kolkata Knight Riders,Kolkata Knight Riders,0,0,1,Kolkata Knight Riders vs Mumbai Indians
1178423,2019-04-29,2019,Punjab Kings,Sunrisers Hyderabad,Rajiv Gandhi International Stadium,Hyderabad,Punjab Kings,field,Punjab Kings,Sunrisers Hyderabad,Sunrisers Hyderabad,0,0,1,Punjab Kings vs Sunrisers Hyderabad
1178424,2019-04-30,2019,Rajasthan Royals,Royal Challengers Bengaluru,M.Chinnaswamy Stadium,Bengaluru,Rajasthan Royals,field,Rajasthan Royals,Royal Challengers Bengaluru,Unknown,0,0,0,Rajasthan Royals vs Royal Challengers Bengaluru
1178425,2019-05-01,2019,Chennai Super Kings,Delhi Capitals,MA Chidambaram Stadium,Chennai,Delhi Capitals,field,Delhi Capitals,Chennai Super Kings,Chennai Super Kings,0,0,1,Chennai Super Kings vs Delhi Capitals
1178426,2019-05-02,2019,Mumbai Indians,Sunrisers Hyderabad,Wankhede Stadium,Mumbai,Mumbai Indians,bat,Sunrisers Hyderabad,Mumbai Indians,Unknown,0,0,0,Mumbai Indians vs Sunrisers Hyderabad
1178427,2019-05-03,2019,Punjab Kings,Kolkata Knight Riders,Punjab Cricket Association IS Bindra Stadium,Chandigarh,Kolkata Knight Riders,field,Kolkata Knight Riders,Punjab Kings,Kolkata Knight Riders,1,1,0,Kolkata Knight Riders vs Punjab Kings
1178429,2019-05-04,2019,Royal Challengers Bengaluru,Sunrisers Hyderabad,M.Chinnaswamy Stadium,Bengaluru,Royal Challengers Bengaluru,field,Royal Challengers Bengaluru,Sunrisers Hyderabad,Royal Challengers Bengaluru,1,1,0,Royal Challengers Bengaluru vs Sunrisers Hyderabad
1178428,2019-05-04,2019,Delhi Capitals,Rajasthan Royals,Arun Jaitley Stadium,Delhi,Rajasthan Royals,bat,Delhi Capitals,Rajasthan Royals,Delhi Capitals,0,1,0,Delhi Capitals vs Rajasthan Royals
1178430,2019-05-05,2019,Chennai Super Kings,Punjab Kings,Punjab Cricket Association IS Bindra Stadium,Chandigarh,Punjab Kings,field,Punjab Kings,Chennai Super Kings,Punjab Kings,1,1,0,Chennai Super Kings vs Punjab Kings
1178431,2019-05-05,2019,Kolkata Knight Riders,Mumbai Indians,Wankhede Stadium,Mumbai,Mumbai Indians,field,Mumbai Indians,Kolkata Knight Riders,Mumbai Indians,1,1,0,Kolkata Knight Riders vs Mumbai Indians
1181764,2019-05-07,2019,Chennai Super Kings,Mumbai Indians,MA Chidambaram Stadium,Chennai,Chennai Super Kings,bat,Mumbai Indians,Chennai Super Kings,Mumbai Indians,0,1,0,Chennai Super Kings vs Mumbai Indians
1181766,2019-05-08,2019,Delhi Capitals,Sunrisers Hyderabad,Dr. Y.S. Rajasekhara Reddy ACA-VDCA Cricket Stadium,Visakhapatnam,Delhi Capitals,field,Delhi Capitals,Sunrisers Hyderabad,Delhi Capitals,1,1,0,Delhi Capitals vs Sunrisers Hyderabad
1181767,2019-05-10,2019,Chennai Super Kings,Delhi Capitals,Dr. Y.S. Rajasekhara Reddy ACA-VDCA Cricket Stadium,Visakhapatnam,Chennai Super Kings,field,Chennai Super Kings,Delhi Capitals,Chennai Super Kings,1,1,0,Chennai Super Kings vs Delhi Capitals
1181768,2019-05-12,2019,Chennai Super Kings,Mumbai Indians,Rajiv Gandhi International Stadium,Hyderabad,Mumbai Indians,bat,Chennai Super Kings,Mumbai Indians,Mumbai Indians,1,0,1,Chennai Super Kings vs Mumbai Indians
1216492,2020-09-19,2020/21,Chennai Super Kings,Mumbai Indians,Sheikh Zayed Stadium,Abu Dhabi,Chennai Super Kings,field,Chennai Super Kings,Mumbai Indians,Chennai Super Kings,1,1,0,Chennai Super Kings vs Mumbai Indians
1216493,2020-09-20,2020/21,Delhi Capitals,Punjab Kings,Dubai International Cricket Stadium,Unknown,Punjab Kings,field,Punjab Kings,Delhi Capitals,Unknown,0,0,0,Delhi Capitals vs Punjab Kings
1216534,2020-09-21,2020/21,Royal Challengers Bengaluru,Sunrisers Hyderabad,Dubai International Cricket Stadium,Unknown,Sunrisers Hyderabad,field,Sunrisers Hyderabad,Royal Challengers Bengaluru,Royal Challengers Bengaluru,0,0,1,Royal Challengers Bengaluru vs Sunrisers Hyderabad
1216496,2020-09-22,2020/21,Chennai Super Kings,Rajasthan Royals,Sharjah Cricket Stadium,Unknown,Chennai Super Kings,field,Chennai Super Kings,Rajasthan Royals,Rajasthan Royals,0,0,1,Chennai Super Kings vs Rajasthan Royals
1216508,2020-09-23,2020/21,Kolkata Knight Riders,Mumbai Indians,Sheikh Zayed Stadium,Abu Dhabi,Kolkata Knight Riders,field,Kolkata Knight Riders,Mumbai Indians,Mumbai Indians,0,0,1,Kolkata Knight Riders vs Mumbai Indians
1216510,2020-09-24,2020/21,Punjab Kings,Royal Challengers Bengaluru,Dubai International Cricket Stadium,Unknown,Royal Challengers Bengaluru,field,Royal Challengers Bengaluru,Punjab Kings,Punjab Kings,0,0,1,Punjab Kings vs Royal Challengers Bengaluru
1216539,2020-09-25,2020/21,Chennai Super Kings,Delhi Capitals,Dubai International Cricket Stadium,Unknown,Chennai Super Kings,field,Chennai Super Kings,Delhi Capitals,Delhi Capitals,0,0,1,Chennai Super Kings vs Delhi Capitals
1216545,2020-09-26,2020/21,Kolkata Knight Riders,Sunrisers Hyderabad,Sheikh Zayed Stadium,Abu Dhabi,Sunrisers Hyderabad,bat,Kolkata Knight Riders,Sunrisers Hyderabad,Kolkata Knight Riders,0,1,0,Kolkata Knight Riders vs Sunrisers Hyderabad
1216527,2020-09-27,2020/21,Punjab Kings,Rajasthan Royals,Sharjah Cricket Stadium,Unknown,Rajasthan Royals,field,Rajasthan Royals,Punjab Kings,Rajasthan Royals,1,1,0,Punjab Kings vs Rajasthan Royals
1216547,2020-09-28,2020/21,Mumbai Indians,Royal Challengers Bengaluru,Dubai International Cricket Stadium,Unknown,Mumbai Indians,field,Mumbai Indians,Royal Challengers Bengaluru,Unknown,0,0,0,Mumbai Indians vs Royal Challengers Bengaluru
1216532,2020-09-29,2020/21,Delhi Capitals,Sunrisers Hyderabad,Sheikh Zayed Stadium,Abu Dhabi,Delhi Capitals,field,Delhi Capitals,Sunrisers Hyderabad,Sunrisers Hyderabad,0,0,1,Delhi Capitals vs Sunrisers Hyderabad
1216504,2020-09-30,2020/21,Kolkata Knight Riders,Rajasthan Royals,Dubai International Cricket Stadium,Unknown,Rajasthan Royals,field,Rajasthan Royals,Kolkata Knight Riders,Kolkata Knight Riders,0,0,1,Kolkata Knight Riders vs Rajasthan Royals
1216503,2020-10-01,2020/21,Punjab Kings,Mumbai Indians,Sheikh Zayed Stadium,Abu Dhabi,Punjab Kings,field,Punjab Kings,Mumbai Indians,Mumbai Indians,0,0,1,Mumbai Indians vs Punjab Kings
1216516,2020-10-02,2020/21,Chennai Super Kings,Sunrisers Hyderabad,Dubai International Cricket Stadium,Unknown,Sunrisers Hyderabad,bat,Chennai Super Kings,Sunrisers Hyderabad,Sunrisers Hyderabad,1,0,1,Chennai Super Kings vs Sunrisers Hyderabad
1216515,2020-10-03,2020/21,Delhi Capitals,Kolkata Knight Riders,Sharjah Cricket Stadium,Unknown,Kolkata Knight Riders,field,Kolkata Knight Riders,Delhi Capitals,Delhi Capitals,0,0,1,Delhi Capitals vs Kolkata Knight Riders
1216514,2020-10-03,2020/21,Rajasthan Royals,Royal Challengers Bengaluru,Sheikh Zayed Stadium,Abu Dhabi,Rajasthan Royals,bat,Royal Challengers Bengaluru,Rajasthan Royals,Royal Challengers Bengaluru,0,1,0,Rajasthan Royals vs Royal Challengers Bengaluru
1216538,2020-10-04,2020/21,Mumbai Indians,Sunrisers Hyderabad,Sharjah Cricket Stadium,Unknown,Mumbai Indians,bat,Sunrisers Hyderabad,Mumbai Indians,Mumbai Indians,1,0,1,Mumbai Indians vs Sunrisers Hyderabad
1216513,2020-10-04,2020/21,Chennai Super Kings,Punjab Kings,Dubai International Cricket Stadium,Unknown,Punjab Kings,bat,Chennai Super Kings,Punjab Kings,Chennai Super Kings,0,1,0,Chennai Super Kings vs Punjab Kings
1216519,2020-10-05,2020/21,Delhi Capitals,Royal Challengers Bengaluru,Dubai International Cricket Stadium,Unknown,Royal Challengers Bengaluru,field,Royal Challengers Bengaluru,Delhi Capitals,Delhi Capitals,0,0,1,Delhi Capitals vs Royal Challengers Bengaluru
1216511,2020-10-06,2020/21,Mumbai Indians,Rajasthan Royals,Sheikh Zayed Stadium,Abu Dhabi,Mumbai Indians,bat,Rajasthan Royals,Mumbai Indians,Mumbai Indians,1,0,1,Mumbai Indians vs Rajasthan Royals
1216501,2020-10-07,2020/21,Chennai Super Kings,Kolkata Knight Riders,Sheikh Zayed Stadium,Abu Dhabi,Kolkata Knight Riders,bat,Chennai Super Kings,Kolkata Knight Riders,Kolkata Knight Riders,1,0,1,Chennai Super Kings vs Kolkata Knight Riders
1216542,2020-10-08,2020/21,Punjab Kings,Sunrisers Hyderabad,Dubai International Cricket Stadium,Unknown,Sunrisers Hyderabad,bat,Punjab Kings,Sunrisers Hyderabad,Sunrisers Hyderabad,1,0,1,Punjab Kings vs Sunrisers Hyderabad
1216500,2020-10-09,2020/21,Delhi Capitals,Rajasthan Royals,Sharjah Cricket Stadium,Unknown,Rajasthan Royals,field,Rajasthan Royals,Delhi Capitals,Delhi Capitals,0,0,1,Delhi Capitals vs Rajasthan Royals
1216525,2020-10-10,2020/21,Chennai Super Kings,Royal Challengers Bengaluru,Dubai International Cricket Stadium,Unknown,Royal Challengers Bengaluru,bat,Chennai Super Kings,Royal Challengers Bengaluru,Royal Challengers Bengaluru,1,0,1,Chennai Super Kings vs Royal Challengers Bengaluru
1216523,2020-10-10,2020/21,Punjab Kings,Kolkata Knight Riders,Sheikh Zayed Stadium,Abu Dhabi,Kolkata Knight Riders,bat,Punjab Kings,Kolkata Knight Riders,Kolkata Knight Riders,1,0,1,Kolkata Knight Riders vs Punjab Kings
1216507,2020-10-11,2020/21,Rajasthan Royals,Sunrisers Hyderabad,Dubai International Cricket Stadium,Unknown,Sunrisers Hyderabad,bat,Rajasthan Royals,Sunrisers Hyderabad,Rajasthan Royals,0,1,0,Rajasthan Royals vs Sunrisers Hyderabad
1216529,2020-10-11,2020/21,Delhi Capitals,Mumbai Indians,Sheikh Zayed Stadium,Abu Dhabi,Delhi Capitals,bat,Mumbai Indians,Delhi Capitals,Mumbai Indians,0,1,0,Delhi Capitals vs Mumbai Indians
1216540,2020-10-12,2020/21,Kolkata Knight Riders,Royal Challengers Bengaluru,Sharjah Cricket Stadium,Unknown,Royal Challengers Bengaluru,bat,Kolkata Knight Riders,Royal Challengers Bengaluru,Royal Challengers Bengaluru,1,0,1,Kolkata Knight Riders vs Royal Challengers Bengaluru
1216528,2020-10-13,2020/21,Chennai Super Kings,Sunrisers Hyderabad,Dubai International Cricket Stadium,Unknown,Chennai Super Kings,bat,Sunrisers Hyderabad,Chennai Super Kings,Chennai Super Kings,1,0,1,Chennai Super Kings vs Sunrisers Hyderabad
1216543,2020-10-14,2020/21,Delhi Capitals,Rajasthan Royals,Dubai International Cricket Stadium,Unknown,Delhi Capitals,bat,Rajasthan Royals,Delhi Capitals,Delhi Capitals,1,0,1,Delhi Capitals vs Rajasthan Royals
1216531,2020-10-15,2020/21,Punjab Kings,Royal Challengers Bengaluru,Sharjah Cricket Stadium,Unknown,Royal Challengers Bengaluru,bat,Punjab Kings,Royal Challengers Bengaluru,Punjab Kings,0,1,0,Punjab Kings vs Royal Challengers Bengaluru
1216526,2020-10-16,2020/21,Kolkata Knight Riders,Mumbai Indians,Sheikh Zayed Stadium,Abu Dhabi,Kolkata Knight Riders,bat,Mumbai Indians,Kolkata Knight Riders,Mumbai Indians,0,1,0,Kolkata Knight Riders vs Mumbai Indians
1216509,2020-10-17,2020/21,Chennai Super Kings,Delhi Capitals,Sharjah Cricket Stadium,Unknown,Chennai Super Kings,bat,Delhi Capitals,Chennai Super Kings,Delhi Capitals,0,1,0,Chennai Super Kings vs Delhi Capitals
1216522,2020-10-17,2020/21,Rajasthan Royals,Royal Challengers Bengaluru,Dubai International Cricket Stadium,Unknown,Rajasthan Royals,bat,Royal Challengers Bengaluru,Rajasthan Royals,Royal Challengers Bengaluru,0,1,0,Rajasthan Royals vs Royal Challengers Bengaluru
1216517,2020-10-18,2020/21,Punjab Kings,Mumbai Indians,Dubai International Cricket Stadium,Unknown,Mumbai Indians,bat,Punjab Kings,Mumbai Indians,Unknown,0,0,0,Mumbai Indians vs Punjab Kings
1216512,2020-10-18,2020/21,Kolkata Knight Riders,Sunrisers Hyderabad,Sheikh Zayed Stadium,Abu Dhabi,Sunrisers Hyderabad,field,Sunrisers Hyderabad,Kolkata Knight Riders,Unknown,0,0,0,Kolkata Knight Riders vs Sunrisers Hyderabad
1216533,2020-10-19,2020/21,Chennai Super Kings,Rajasthan Royals,Sheikh Zayed Stadium,Abu Dhabi,Chennai Super Kings,bat,Rajasthan Royals,Chennai Super Kings,Rajasthan Royals,0,1,0,Chennai Super Kings vs Rajasthan Royals
1216546,2020-10-20,2020/21,Delhi Capitals,Punjab Kings,Dubai International Cricket Stadium,Unknown,Delhi Capitals,bat,Punjab Kings,Delhi Capitals,Punjab Kings,0,1,0,Delhi Capitals vs Punjab Kings
1216494,2020-10-21,2020/21,Kolkata Knight Riders,Royal Challengers Bengaluru,Sheikh Zayed Stadium,Abu Dhabi,Kolkata Knight Riders,bat,Royal Challengers Bengaluru,Kolkata Knight Riders,Royal Challengers Bengaluru,0,1,0,Kolkata Knight Riders vs Royal Challengers Bengaluru
1216518,2020-10-22,2020/21,Rajasthan Royals,Sunrisers Hyderabad,Dubai International Cricket Stadium,Unknown,Sunrisers Hyderabad,field,Sunrisers Hyderabad,Rajasthan Royals,Sunrisers Hyderabad,1,1,0,Rajasthan Royals vs Sunrisers Hyderabad
1216521,2020-10-23,2020/21,Chennai Super Kings,Mumbai Indians,Sharjah Cricket Stadium,Unknown,Mumbai Indians,field,Mumbai Indians,Chennai Super Kings,Mumbai Indians,1,1,0,Chennai Super Kings vs Mumbai Indians
1216498,2020-10-24,2020/21,Punjab Kings,Sunrisers Hyderabad,Dubai International Cricket Stadium,Unknown,Sunrisers Hyderabad,field,Sunrisers Hyderabad,Punjab Kings,Punjab Kings,0,0,1,Punjab Kings vs Sunrisers Hyderabad
1216497,2020-10-24,2020/21,Delhi Capitals,Kolkata Knight Riders,Sheikh Zayed Stadium,Abu Dhabi,Delhi Capitals,field,Delhi Capitals,Kolkata Knight Riders,Kolkata Knight Riders,0,0,1,Delhi Capitals vs Kolkata Knight Riders
1216544,2020-10-25,2020/21,Chennai Super Kings,Royal Challengers Bengaluru,Dubai International Cricket Stadium,Unknown,Royal Challengers Bengaluru,bat,Chennai Super Kings,Royal Challengers Bengaluru,Chennai Super Kings,0,1,0,Chennai Super Kings vs Royal Challengers Bengaluru
1216541,2020-10-25,2020/21,Mumbai Indians,Rajasthan Royals,Sheikh Zayed Stadium,Abu Dhabi,Mumbai Indians,bat,Rajasthan Royals,Mumbai Indians,Rajasthan Royals,0,1,0,Mumbai Indians vs Rajasthan Royals
1216520,2020-10-26,2020/21,Punjab Kings,Kolkata Knight Riders,Sharjah Cricket Stadium,Unknown,Punjab Kings,field,Punjab Kings,Kolkata Knight Riders,Punjab Kings,1,1,0,Kolkata Knight Riders vs Punjab Kings
1216524,2020-10-27,2020/21,Delhi Capitals,Sunrisers Hyderabad,Dubai International Cricket Stadium,Unknown,Delhi Capitals,field,Delhi Capitals,Sunrisers Hyderabad,Sunrisers Hyderabad,0,0,1,Delhi Capitals vs Sunrisers Hyderabad
1216499,2020-10-28,2020/21,Mumbai Indians,Royal Challengers Bengaluru,Sheikh Zayed Stadium,Abu Dhabi,Mumbai Indians,field,Mumbai Indians,Royal Challengers Bengaluru,Mumbai Indians,1,1,0,Mumbai Indians vs Royal Challengers Bengaluru
1216536,2020-10-29,2020/21,Chennai Super Kings,Kolkata Knight Riders,Dubai International Cricket Stadium,Unknown,Chennai Super Kings,field,Chennai Super Kings,Kolkata Knight Riders,Chennai Super Kings,1,1,0,Chennai Super Kings vs Kolkata Knight Riders
1216537,2020-10-30,2020/21,Punjab Kings,Rajasthan Royals,Sheikh Zayed Stadium,Abu Dhabi,Rajasthan Royals,field,Rajasthan Royals,Punjab Kings,Rajasthan Royals,1,1,0,Punjab Kings vs Rajasthan Royals
1216535,2020-10-31,2020/21,Delhi Capitals,Mumbai Indians,Dubai International Cricket Stadium,Unknown,Mumbai Indians,field,Mumbai Indians,Delhi Capitals,Mumbai Indians,1,1,0,Delhi Capitals vs Mumbai Indians
1216502,2020-10-31,2020/21,Royal Challengers Bengaluru,Sunrisers Hyderabad,Sharjah Cricket Stadium,Unknown,Sunrisers Hyderabad,field,Sunrisers Hyderabad,Royal Challengers Bengaluru,Sunrisers Hyderabad,1,1,0,Royal Challengers Bengaluru vs Sunrisers Hyderabad
1216530,2020-11-01,2020/21,Kolkata Knight Riders,Rajasthan Royals,Dubai International Cricket Stadium,Unknown,Rajasthan Royals,field,Rajasthan Royals,Kolkata Knight Riders,Kolkata Knight Riders,0,0,1,Kolkata Knight Riders vs Rajasthan Royals
1216506,2020-11-01,2020/21,Chennai Super Kings,Punjab Kings,Sheikh Zayed Stadium,Abu Dhabi,Chennai Super Kings,field,Chennai Super Kings,Punjab Kings,Chennai Super Kings,1,1,0,Chennai Super Kings vs Punjab Kings
1216505,2020-11-02,2020/21,Delhi Capitals,Royal Challengers Bengaluru,Sheikh Zayed Stadium,Abu Dhabi,Delhi Capitals,field,Delhi Capitals,Royal Challengers Bengaluru,Delhi Capitals,1,1,0,Delhi Capitals vs Royal Challengers Bengaluru
1216495,2020-11-03,2020/21,Mumbai Indians,Sunrisers Hyderabad,Sharjah Cricket Stadium,Unknown,Sunrisers Hyderabad,field,Sunrisers Hyderabad,Mumbai Indians,Sunrisers Hyderabad,1,1,0,Mumbai Indians vs Sunrisers Hyderabad
1237177,2020-11-05,2020/21,Delhi Capitals,Mumbai Indians,Dubai International Cricket Stadium,Unknown,Delhi Capitals,field,Delhi Capitals,Mumbai Indians,Mumbai Indians,0,0,1,Delhi Capitals vs Mumbai Indians
1237178,2020-11-06,2020/21,Royal Challengers Bengaluru,Sunrisers Hyderabad,Sheikh Zayed Stadium,Abu Dhabi,Sunrisers Hyderabad,field,Sunrisers Hyderabad,Royal Challengers Bengaluru,Sunrisers Hyderabad,1,1,0,Royal Challengers Bengaluru vs Sunrisers Hyderabad
1237180,2020-11-08,2020/21,Delhi Capitals,Sunrisers Hyderabad,Sheikh Zayed Stadium,Abu Dhabi,Delhi Capitals,bat,Sunrisers Hyderabad,Delhi Capitals,Delhi Capitals,1,0,1,Delhi Capitals vs Sunrisers Hyderabad
1237181,2020-11-10,2020/21,Delhi Capitals,Mumbai Indians,Dubai International Cricket Stadium,Unknown,Delhi Capitals,bat,Mumbai Indians,Delhi Capitals,Mumbai Indians,0,1,0,Delhi Capitals vs Mumbai Indians
1254058,2021-04-09,2021,Mumbai Indians,Royal Challengers Bengaluru,MA Chidambaram Stadium,Chennai,Royal Challengers Bengaluru,field,Royal Challengers Bengaluru,Mumbai Indians,Royal Challengers Bengaluru,1,1,0,Mumbai Indians vs Royal Challengers Bengaluru
1254059,2021-04-10,2021,Chennai Super Kings,Delhi Capitals,Wankhede Stadium,Mumbai,Delhi Capitals,field,Delhi Capitals,Chennai Super Kings,Delhi Capitals,1,1,0,Chennai Super Kings vs Delhi Capitals
1254060,2021-04-11,2021,Kolkata Knight Riders,Sunrisers Hyderabad,MA Chidambaram Stadium,Chennai,Sunrisers Hyderabad,field,Sunrisers Hyderabad,Kolkata Knight Riders,Kolkata Knight Riders,0,0,1,Kolkata Knight Riders vs Sunrisers Hyderabad
1254061,2021-04-12,2021,Punjab Kings,Rajasthan Royals,Wankhede Stadium,Mumbai,Rajasthan Royals,field,Rajasthan Royals,Punjab Kings,Punjab Kings,0,0,1,Punjab Kings vs Rajasthan Royals
1254062,2021-04-13,2021,Kolkata Knight Riders,Mumbai Indians,MA Chidambaram Stadium,Chennai,Kolkata Knight Riders,field,Kolkata Knight Riders,Mumbai Indians,Mumbai Indians,0,0,1,Kolkata Knight Riders vs Mumbai Indians
1254063,2021-04-14,2021,Royal Challengers Bengaluru,Sunrisers Hyderabad,MA Chidambaram Stadium,Chennai,Sunrisers Hyderabad,field,Sunrisers Hyderabad,Royal Challengers Bengaluru,Royal Challengers Bengaluru,0,0,1,Royal Challengers Bengaluru vs Sunrisers Hyderabad
1254064,2021-04-15,2021,Delhi Capitals,Rajasthan Royals,Wankhede Stadium,Mumbai,Rajasthan Royals,field,Rajasthan Royals,Delhi Capitals,Rajasthan Royals,1,1,0,Delhi Capitals vs Rajasthan Royals
1254065,2021-04-16,2021,Chennai Super Kings,Punjab Kings,Wankhede Stadium,Mumbai,Chennai Super Kings,field,Chennai Super Kings,Punjab Kings,Chennai Super Kings,1,1,0,Chennai Super Kings vs Punjab Kings
1254066,2021-04-17,2021,Mumbai Indians,Sunrisers Hyderabad,MA Chidambaram Stadium,Chennai,Mumbai Indians,bat,Sunrisers Hyderabad,Mumbai Indians,Mumbai Indians,1,0,1,Mumbai Indians vs Sunrisers Hyderabad
1254067,2021-04-18,2021,Kolkata Knight Riders,Royal Challengers Bengaluru,MA Chidambaram Stadium,Chennai,Royal Challengers Bengaluru,bat,Kolkata Knight Riders,Royal Challengers Bengaluru,Royal Challengers Bengaluru,1,0,1,Kolkata Knight Riders vs Royal Challengers Bengaluru
1254068,2021-04-18,2021,Delhi Capitals,Punjab Kings,Wankhede Stadium,Mumbai,Delhi Capitals,field,Delhi Capitals,Punjab Kings,Delhi Capitals,1,1,0,Delhi Capitals vs Punjab Kings
1254069,2021-04-19,2021,Chennai Super Kings,Rajasthan Royals,Wankhede Stadium,Mumbai,Rajasthan Royals,field,Rajasthan Royals,Chennai Super Kings,Chennai Super Kings,0,0,1,Chennai Super Kings vs Rajasthan Royals
1254070,2021-04-20,2021,Delhi Capitals,Mumbai Indians,MA Chidambaram Stadium,Chennai,Mumbai Indians,bat,Delhi Capitals,Mumbai Indians,Delhi Capitals,0,1,0,Delhi Capitals vs Mumbai Indians
1254071,2021-04-21,2021,Punjab Kings,Sunrisers Hyderabad,MA Chidambaram Stadium,Chennai,Punjab Kings,bat,Sunrisers Hyderabad,Punjab Kings,Sunrisers Hyderabad,0,1,0,Punjab Kings vs Sunrisers Hyderabad
1254072,2021-04-21,2021,Chennai Super Kings,Kolkata Knight Riders,Wankhede Stadium,Mumbai,Kolkata Knight Riders,field,Kolkata Knight Riders,Chennai Super Kings,Chennai Super Kings,0,0,1,Chennai Super Kings vs Kolkata Knight Riders
1254073,2021-04-22,2021,Rajasthan Royals,Royal Challengers Bengaluru,Wankhede Stadium,Mumbai,Royal Challengers Bengaluru,field,Royal Challengers Bengaluru,Rajasthan Royals,Royal Challengers Bengaluru,1,1,0,Rajasthan Royals vs Royal Challengers Bengaluru
1254074,2021-04-23,2021,Mumbai Indians,Punjab Kings,MA Chidambaram Stadium,Chennai,Punjab Kings,field,Punjab Kings,Mumbai Indians,Punjab Kings,1,1,0,Mumbai Indians vs Punjab Kings
1254075,2021-04-24,2021,Kolkata Knight Riders,Rajasthan Royals,Wankhede Stadium,Mumbai,Rajasthan Royals,field,Rajasthan Royals,Kolkata Knight Riders,Rajasthan Royals,1,1,0,Kolkata Knight Riders vs Rajasthan Royals
1254076,2021-04-25,2021,Chennai Super Kings,Royal Challengers Bengaluru,Wankhede Stadium,Mumbai,Chennai Super Kings,bat,Royal Challengers Bengaluru,Chennai Super Kings,Chennai Super Kings,1,0,1,Chennai Super Kings vs Royal Challengers Bengaluru
1254077,2021-04-25,2021,Delhi Capitals,Sunrisers Hyderabad,MA Chidambaram Stadium,Chennai,Delhi Capitals,bat,Sunrisers Hyderabad,Delhi Capitals,Unknown,0,0,0,Delhi Capitals vs Sunrisers Hyderabad
1254078,2021-04-26,2021,Kolkata Knight Riders,Punjab Kings,Narendra Modi Stadium,Ahmedabad,Kolkata Knight Riders,field,Kolkata Knight Riders,Punjab Kings,Kolkata Knight Riders,1,1,0,Kolkata Knight Riders vs Punjab Kings
1254079,2021-04-27,2021,Delhi Capitals,Royal Challengers Bengaluru,Narendra Modi Stadium,Ahmedabad,Delhi Capitals,field,Delhi Capitals,Royal Challengers Bengaluru,Royal Challengers Bengaluru,0,0,1,Delhi Capitals vs Royal Challengers Bengaluru
1254080,2021-04-28,2021,Chennai Super Kings,Sunrisers Hyderabad,Arun Jaitley Stadium,Delhi,Sunrisers Hyderabad,bat,Chennai Super Kings,Sunrisers Hyderabad,Chennai Super Kings,0,1,0,Chennai Super Kings vs Sunrisers Hyderabad
1254081,2021-04-29,2021,Mumbai Indians,Rajasthan Royals,Arun Jaitley Stadium,Delhi,Mumbai Indians,field,Mumbai Indians,Rajasthan Royals,Mumbai Indians,1,1,0,Mumbai Indians vs Rajasthan Royals
1254082,2021-04-29,2021,Delhi Capitals,Kolkata Knight Riders,Narendra Modi Stadium,Ahmedabad,Delhi Capitals,field,Delhi Capitals,Kolkata Knight Riders,Delhi Capitals,1,1,0,Delhi Capitals vs Kolkata Knight Riders
1254083,2021-04-30,2021,Punjab Kings,Royal Challengers Bengaluru,Narendra Modi Stadium,Ahmedabad,Royal Challengers Bengaluru,field,Royal Challengers Bengaluru,Punjab Kings,Punjab Kings,0,0,1,Punjab Kings vs Royal Challengers Bengaluru
1254084,2021-05-01,2021,Chennai Super Kings,Mumbai Indians,Arun Jaitley Stadium,Delhi,Mumbai Indians,field,Mumbai Indians,Chennai Super Kings,Mumbai Indians,1,1,0,Chennai Super Kings vs Mumbai Indians
1254085,2021-05-02,2021,Rajasthan Royals,Sunrisers Hyderabad,Arun Jaitley Stadium,Delhi,Sunrisers Hyderabad,field,Sunrisers Hyderabad,Rajasthan Royals,Rajasthan Royals,0,0,1,Rajasthan Royals vs Sunrisers Hyderabad
1254086,2021-05-02,2021,Delhi Capitals,Punjab Kings,Narendra Modi Stadium,Ahmedabad,Delhi Capitals,field,Delhi Capitals,Punjab Kings,Delhi Capitals,1,1,0,Delhi Capitals vs Punjab Kings
1254104,2021-09-19,2021,Chennai Super Kings,Mumbai Indians,Dubai International Cricket Stadium,Dubai,Chennai Super Kings,bat,Mumbai Indians,Chennai Super Kings,Chennai Super Kings,1,0,1,Chennai Super Kings vs Mumbai Indians
1254087,2021-09-20,2021,Kolkata Knight Riders,Royal Challengers Bengaluru,Zayed Cricket Stadium,Abu Dhabi,Royal Challengers Bengaluru,bat,Kolkata Knight Riders,Royal Challengers Bengaluru,Kolkata Knight Riders,0,1,0,Kolkata Knight Riders vs Royal Challengers Bengaluru
1254111,2021-09-21,2021,Punjab Kings,Rajasthan Royals,Dubai International Cricket Stadium,Dubai,Punjab Kings,field,Punjab Kings,Rajasthan Royals,Rajasthan Royals,0,0,1,Punjab Kings vs Rajasthan Royals
1254105,2021-09-22,2021,Delhi Capitals,Sunrisers Hyderabad,Dubai International Cricket Stadium,Dubai,Sunrisers Hyderabad,bat,Delhi Capitals,Sunrisers Hyderabad,Delhi Capitals,0,1,0,Delhi Capitals vs Sunrisers Hyderabad
1254096,2021-09-23,2021,Kolkata Knight Riders,Mumbai Indians,Zayed Cricket Stadium,Abu Dhabi,Kolkata Knight Riders,field,Kolkata Knight Riders,Mumbai Indians,Kolkata Knight Riders,1,1,0,Kolkata Knight Riders vs Mumbai Indians
1254113,2021-09-24,2021,Chennai Super Kings,Royal Challengers Bengaluru,Sharjah Cricket Stadium,Sharjah,Chennai Super Kings,field,Chennai Super Kings,Royal Challengers Bengaluru,Chennai Super Kings,1,1,0,Chennai Super Kings vs Royal Challengers Bengaluru
1254107,2021-09-25,2021,Punjab Kings,Sunrisers Hyderabad,Sharjah Cricket Stadium,Sharjah,Sunrisers Hyderabad,field,Sunrisers Hyderabad,Punjab Kings,Punjab Kings,0,0,1,Punjab Kings vs Sunrisers Hyderabad
1254097,2021-09-25,2021,Delhi Capitals,Rajasthan Royals,Zayed Cricket Stadium,Abu Dhabi,Rajasthan Royals,field,Rajasthan Royals,Delhi Capitals,Delhi Capitals,0,0,1,Delhi Capitals vs Rajasthan Royals
1254098,2021-09-26,2021,Chennai Super Kings,Kolkata Knight Riders,Zayed Cricket Stadium,Abu Dhabi,Kolkata Knight Riders,bat,Chennai Super Kings,Kolkata Knight Riders,Chennai Super Kings,0,1,0,Chennai Super Kings vs Kolkata Knight Riders
1254108,2021-09-26,2021,Mumbai Indians,Royal Challengers Bengaluru,Dubai International Cricket Stadium,Dubai,Mumbai Indians,field,Mumbai Indians,Royal Challengers Bengaluru,Royal Challengers Bengaluru,0,0,1,Mumbai Indians vs Royal Challengers Bengaluru
1254100,2021-09-27,2021,Rajasthan Royals,Sunrisers Hyderabad,Dubai International Cricket Stadium,Dubai,Rajasthan Royals,bat,Sunrisers Hyderabad,Rajasthan Royals,Sunrisers Hyderabad,0,1,0,Rajasthan Royals vs Sunrisers Hyderabad
1254092,2021-09-28,2021,Delhi Capitals,Kolkata Knight Riders,Sharjah Cricket Stadium,Sharjah,Kolkata Knight Riders,field,Kolkata Knight Riders,Delhi Capitals,Kolkata Knight Riders,1,1,0,Delhi Capitals vs Kolkata Knight Riders
1254099,2021-09-28,2021,Mumbai Indians,Punjab Kings,Zayed Cricket Stadium,Abu Dhabi,Mumbai Indians,field,Mumbai Indians,Punjab Kings,Mumbai Indians,1,1,0,Mumbai Indians vs Punjab Kings
1254103,2021-09-29,2021,Rajasthan Royals,Royal Challengers Bengaluru,Dubai International Cricket Stadium,Dubai,Royal Challengers Bengaluru,field,Royal Challengers Bengaluru,Rajasthan Royals,Royal Challengers Bengaluru,1,1,0,Rajasthan Royals vs Royal Challengers Bengaluru
1254091,2021-09-30,2021,Chennai Super Kings,Sunrisers Hyderabad,Sharjah Cricket Stadium,Sharjah,Chennai Super Kings,field,Chennai Super Kings,Sunrisers Hyderabad,Chennai Super Kings,1,1,0,Chennai Super Kings vs Sunrisers Hyderabad
1254102,2021-10-01,2021,Kolkata Knight Riders,Punjab Kings,Dubai International Cricket Stadium,Dubai,Punjab Kings,field,Punjab Kings,Kolkata Knight Riders,Punjab Kings,1,1,0,Kolkata Knight Riders vs Punjab Kings
1254112,2021-10-02,2021,Delhi Capitals,Mumbai Indians,Sharjah Cricket Stadium,Sharjah,Delhi Capitals,field,Delhi Capitals,Mumbai Indians,Delhi Capitals,1,1,0,Delhi Capitals vs Mumbai Indians
1254089,2021-10-02,2021,Chennai Super Kings,Rajasthan Royals,Zayed Cricket Stadium,Abu Dhabi,Rajasthan Royals,field,Rajasthan Royals,Chennai Super Kings,Rajasthan Royals,1,1,0,Chennai Super Kings vs Rajasthan Royals
1254109,2021-10-03,2021,Kolkata Knight Riders,Sunrisers Hyderabad,Dubai International Cricket Stadium,Dubai,Sunrisers Hyderabad,bat,Kolkata Knight Riders,Sunrisers Hyderabad,Kolkata Knight Riders,0,1,0,Kolkata Knight Riders vs Sunrisers Hyderabad
1254090,2021-10-03,2021,Punjab Kings,Royal Challengers Bengaluru,Sharjah Cricket Stadium,Sharjah,Royal Challengers Bengaluru,bat,Punjab Kings,Royal Challengers Bengaluru,Royal Challengers Bengaluru,1,0,1,Punjab Kings vs Royal Challengers Bengaluru
1254110,2021-10-04,2021,Chennai Super Kings,Delhi Capitals,Dubai International Cricket Stadium,Dubai,Delhi Capitals,field,Delhi Capitals,Chennai Super Kings,Delhi Capitals,1,1,0,Chennai Super Kings vs Delhi Capitals
1254093,2021-10-05,2021,Mumbai Indians,Rajasthan Royals,Sharjah Cricket Stadium,Sharjah,Mumbai Indians,field,Mumbai Indians,Rajasthan Royals,Mumbai Indians,1,1,0,Mumbai Indians vs Rajasthan Royals
1254095,2021-10-06,2021,Royal Challengers Bengaluru,Sunrisers Hyderabad,Zayed Cricket Stadium,Abu Dhabi,Royal Challengers Bengaluru,field,Royal Challengers Bengaluru,Sunrisers Hyderabad,Sunrisers Hyderabad,0,0,1,Royal Challengers Bengaluru vs Sunrisers Hyderabad
1254106,2021-10-07,2021,Kolkata Knight Riders,Rajasthan Royals,Sharjah Cricket Stadium,Sharjah,Rajasthan Royals,field,Rajasthan Royals,Kolkata Knight Riders,Kolkata Knight Riders,0,0,1,Kolkata Knight Riders vs Rajasthan Royals
1254094,2021-10-07,2021,Chennai Super Kings,Punjab Kings,Dubai International Cricket Stadium,Dubai,Punjab Kings,field,Punjab Kings,Chennai Super Kings,Punjab Kings,1,1,0,Chennai Super Kings vs Punjab Kings
1254088,2021-10-08,2021,Mumbai Indians,Sunrisers Hyderabad,Zayed Cricket Stadium,Abu Dhabi,Mumbai Indians,bat,Sunrisers Hyderabad,Mumbai Indians,Mumbai Indians,1,0,1,Mumbai Indians vs Sunrisers Hyderabad
1254101,2021-10-08,2021,Delhi Capitals,Royal Challengers Bengaluru,Dubai International Cricket Stadium,Dubai,Royal Challengers Bengaluru,field,Royal Challengers Bengaluru,Delhi Capitals,Royal Challengers Bengaluru,1,1,0,Delhi Capitals vs Royal Challengers Bengaluru
1254114,2021-10-10,2021,Chennai Super Kings,Delhi Capitals,Dubai International Cricket Stadium,Dubai,Chennai Super Kings,field,Chennai Super Kings,Delhi Capitals,Chennai Super Kings,1,1,0,Chennai Super Kings vs Delhi Capitals
1254115,2021-10-11,2021,Kolkata Knight Riders,Royal Challengers Bengaluru,Sharjah Cricket Stadium,Sharjah,Royal Challengers Bengaluru,bat,Kolkata Knight Riders,Royal Challengers Bengaluru,Kolkata Knight Riders,0,1,0,Kolkata Knight Riders vs Royal Challengers Bengaluru
1254116,2021-10-13,2021,Delhi Capitals,Kolkata Knight Riders,Sharjah Cricket Stadium,Sharjah,Kolkata Knight Riders,field,Kolkata Knight Riders,Delhi Capitals,Kolkata Knight Riders,1,1,0,Delhi Capitals vs Kolkata Knight Riders
1254117,2021-10-15,2021,Chennai Super Kings,Kolkata Knight Riders,Dubai International Cricket Stadium,Dubai,Kolkata Knight Riders,field,Kolkata Knight Riders,Chennai Super Kings,Chennai Super Kings,0,0,1,Chennai Super Kings vs Kolkata Knight Riders
1304047,2022-03-26,2022,Chennai Super Kings,Kolkata Knight Riders,Wankhede Stadium,Mumbai,Kolkata Knight Riders,field,Kolkata Knight Riders,Chennai Super Kings,Kolkata Knight Riders,1,1,0,Chennai Super Kings vs Kolkata Knight Riders
1304048,2022-03-27,2022,Delhi Capitals,Mumbai Indians,Brabourne Stadium,Mumbai,Delhi Capitals,field,Delhi Capitals,Mumbai Indians,Delhi Capitals,1,1,0,Delhi Capitals vs Mumbai Indians
1304049,2022-03-27,2022,Punjab Kings,Royal Challengers Bengaluru,Dr DY Patil Sports Academy,Mumbai,Punjab Kings,field,Punjab Kings,Royal Challengers Bengaluru,Punjab Kings,1,1,0,Punjab Kings vs Royal Challengers Bengaluru
1304050,2022-03-28,2022,Gujarat Titans,Lucknow Super Giants,Wankhede Stadium,Mumbai,Gujarat Titans,field,Gujarat Titans,Lucknow Super Giants,Gujarat Titans,1,1,0,Gujarat Titans vs Lucknow Super Giants
1304051,2022-03-29,2022,Rajasthan Royals,Sunrisers Hyderabad,Maharashtra Cricket Association Stadium,Pune,Sunrisers Hyderabad,field,Sunrisers Hyderabad,Rajasthan Royals,Rajasthan Royals,0,0,1,Rajasthan Royals vs Sunrisers Hyderabad
1304052,2022-03-30,2022,Kolkata Knight Riders,Royal Challengers Bengaluru,Dr DY Patil Sports Academy,Mumbai,Royal Challengers Bengaluru,field,Royal Challengers Bengaluru,Kolkata Knight Riders,Royal Challengers Bengaluru,1,1,0,Kolkata Knight Riders vs Royal Challengers Bengaluru
1304053,2022-03-31,2022,Chennai Super Kings,Lucknow Super Giants,Brabourne Stadium,Mumbai,Lucknow Super Giants,field,Lucknow Super Giants,Chennai Super Kings,Lucknow Super Giants,1,1,0,Chennai Super Kings vs Lucknow Super Giants
1304054,2022-04-01,2022,Kolkata Knight Riders,Punjab Kings,Wankhede Stadium,Mumbai,Kolkata Knight Riders,field,Kolkata Knight Riders,Punjab Kings,Kolkata Knight Riders,1,1,0,Kolkata Knight Riders vs Punjab Kings
1304055,2022-04-02,2022,Mumbai Indians,Rajasthan Royals,Dr DY Patil Sports Academy,Mumbai,Mumbai Indians,field,Mumbai Indians,Rajasthan Royals,Rajasthan Royals,0,0,1,Mumbai Indians vs Rajasthan Royals
1304056,2022-04-02,2022,Delhi Capitals,Gujarat Titans,Maharashtra Cricket Association Stadium,Pune,Delhi Capitals,field,Delhi Capitals,Gujarat Titans,Gujarat Titans,0,0,1,Delhi Capitals vs Gujarat Titans
1304057,2022-04-03,2022,Chennai Super Kings,Punjab Kings,Brabourne Stadium,Mumbai,Chennai Super Kings,field,Chennai Super Kings,Punjab Kings,Punjab Kings,0,0,1,Chennai Super Kings vs Punjab Kings
1304058,2022-04-04,2022,Lucknow Super Giants,Sunrisers Hyderabad,Dr DY Patil Sports Academy,Mumbai,Sunrisers Hyderabad,field,Sunrisers Hyderabad,Lucknow Super Giants,Lucknow Super Giants,0,0,1,Lucknow Super Giants vs Sunrisers Hyderabad
1304059,2022-04-05,2022,Rajasthan Royals,Royal Challengers Bengaluru,Wankhede Stadium,Mumbai,Royal Challengers Bengaluru,field,Royal Challengers Bengaluru,Rajasthan Royals,Royal Challengers Bengaluru,1,1,0,Rajasthan Royals vs Royal Challengers Bengaluru
1304060,2022-04-06,2022,Kolkata Knight Riders,Mumbai Indians,Maharashtra Cricket Association Stadium,Pune,Kolkata Knight Riders,field,Kolkata Knight Riders,Mumbai Indians,Kolkata Knight Riders,1,1,0,Kolkata Knight Riders vs Mumbai Indians
1304061,2022-04-07,2022,Delhi Capitals,Lucknow Super Giants,Dr DY Patil Sports Academy,Mumbai,Lucknow Super Giants,field,Lucknow Super Giants,Delhi Capitals,Lucknow Super Giants,1,1,0,Delhi Capitals vs Lucknow Super Giants
1304062,2022-04-08,2022,Gujarat Titans,Punjab Kings,Brabourne Stadium,Mumbai,Gujarat Titans,field,Gujarat Titans,Punjab Kings,Gujarat Titans,1,1,0,Gujarat Titans vs Punjab Kings
1304063,2022-04-09,2022,Chennai Super Kings,Sunrisers Hyderabad,Dr DY Patil Sports Academy,Mumbai,Sunrisers Hyderabad,field,Sunrisers Hyderabad,Chennai Super Kings,Sunrisers Hyderabad,1,1,0,Chennai Super Kings vs Sunrisers Hyderabad
1304064,2022-04-09,2022,Mumbai Indians,Royal Challengers Bengaluru,Maharashtra Cricket Association Stadium,Pune,Royal Challengers Bengaluru,field,Royal Challengers Bengaluru,Mumbai Indians,Royal Challengers Bengaluru,1,1,0,Mumbai Indians vs Royal Challengers Bengaluru
1304065,2022-04-10,2022,Delhi Capitals,Kolkata Knight Riders,Brabourne Stadium,Mumbai,Kolkata Knight Riders,field,Kolkata Knight Riders,Delhi Capitals,Delhi Capitals,0,0,1,Delhi Capitals vs Kolkata Knight Riders
1304066,2022-04-10,2022,Lucknow Super Giants,Rajasthan Royals,Wankhede Stadium,Mumbai,Lucknow Super Giants,field,Lucknow Super Giants,Rajasthan Royals,Rajasthan Royals,0,0,1,Lucknow Super Giants vs Rajasthan Royals
1304067,2022-04-11,2022,Gujarat Titans,Sunrisers Hyderabad,Dr DY Patil Sports Academy,Mumbai,Sunrisers Hyderabad,field,Sunrisers Hyderabad,Gujarat Titans,Sunrisers Hyderabad,1,1,0,Gujarat Titans vs Sunrisers Hyderabad
1304068,2022-04-12,2022,Chennai Super Kings,Royal Challengers Bengaluru,Dr DY Patil Sports Academy,Mumbai,Royal Challengers Bengaluru,field,Royal Challengers Bengaluru,Chennai Super Kings,Chennai Super Kings,0,0,1,Chennai Super Kings vs Royal Challengers Bengaluru
1304069,2022-04-13,2022,Mumbai Indians,Punjab Kings,Maharashtra Cricket Association Stadium,Pune,Mumbai Indians,field,Mumbai Indians,Punjab Kings,Punjab Kings,0,0,1,Mumbai Indians vs Punjab Kings
1304070,2022-04-14,2022,Gujarat Titans,Rajasthan Royals,Dr DY Patil Sports Academy,Mumbai,Rajasthan Royals,field,Rajasthan Royals,Gujarat Titans,Gujarat Titans,0,0,1,Gujarat Titans vs Rajasthan Royals
1304071,2022-04-15,2022,Kolkata Knight Riders,Sunrisers Hyderabad,Brabourne Stadium,Mumbai,Sunrisers Hyderabad,field,Sunrisers Hyderabad,Kolkata Knight Riders,Sunrisers Hyderabad,1,1,0,Kolkata Knight Riders vs Sunrisers Hyderabad
1304072,2022-04-16,2022,Lucknow Super Giants,Mumbai Indians,Brabourne Stadium,Mumbai,Mumbai Indians,field,Mumbai Indians,Lucknow Super Giants,Lucknow Super Giants,0,0,1,Lucknow Super Giants vs Mumbai Indians
1304073,2022-04-16,2022,Delhi Capitals,Royal Challengers Bengaluru,Wankhede Stadium,Mumbai,Delhi Capitals,field,Delhi Capitals,Royal Challengers Bengaluru,Royal Challengers Bengaluru,0,0,1,Delhi Capitals vs Royal Challengers Bengaluru
1304074,2022-04-17,2022,Punjab Kings,Sunrisers Hyderabad,Dr DY Patil Sports Academy,Mumbai,Sunrisers Hyderabad,field,Sunrisers Hyderabad,Punjab Kings,Sunrisers Hyderabad,1,1,0,Punjab Kings vs Sunrisers Hyderabad
1304075,2022-04-17,2022,Chennai Super Kings,Gujarat Titans,Maharashtra Cricket Association Stadium,Pune,Gujarat Titans,field,Gujarat Titans,Chennai Super Kings,Gujarat Titans,1,1,0,Chennai Super Kings vs Gujarat Titans
1304076,2022-04-18,2022,Kolkata Knight Riders,Rajasthan Royals,Brabourne Stadium,Mumbai,Kolkata Knight Riders,field,Kolkata Knight Riders,Rajasthan Royals,Rajasthan Royals,0,0,1,Kolkata Knight Riders vs Rajasthan Royals
1304077,2022-04-19,2022,Lucknow Super Giants,Royal Challengers Bengaluru,Dr DY Patil Sports Academy,Mumbai,Lucknow Super Giants,field,Lucknow Super Giants,Royal Challengers Bengaluru,Royal Challengers Bengaluru,0,0,1,Lucknow Super Giants vs Royal Challengers Bengaluru
1304078,2022-04-20,2022,Delhi Capitals,Punjab Kings,Brabourne Stadium,Mumbai,Delhi Capitals,field,Delhi Capitals,Punjab Kings,Delhi Capitals,1,1,0,Delhi Capitals vs Punjab Kings
1304079,2022-04-21,2022,Chennai Super Kings,Mumbai Indians,Dr DY Patil Sports Academy,Navi Mumbai,Chennai Super Kings,field,Chennai Super Kings,Mumbai Indians,Chennai Super Kings,1,1,0,Chennai Super Kings vs Mumbai Indians
1304080,2022-04-22,2022,Delhi Capitals,Rajasthan Royals,Wankhede Stadium,Mumbai,Delhi Capitals,field,Delhi Capitals,Rajasthan Royals,Rajasthan Royals,0,0,1,Delhi Capitals vs Rajasthan Royals
1304081,2022-04-23,2022,Gujarat Titans,Kolkata Knight Riders,Dr DY Patil Sports Academy,Navi Mumbai,Gujarat Titans,bat,Kolkata Knight Riders,Gujarat Titans,Gujarat Titans,1,0,1,Gujarat Titans vs Kolkata Knight Riders
1304082,2022-04-23,2022,Royal Challengers Bengaluru,Sunrisers Hyderabad,Brabourne Stadium,Mumbai,Sunrisers Hyderabad,field,Sunrisers Hyderabad,Royal Challengers Bengaluru,Sunrisers Hyderabad,1,1,0,Royal Challengers Bengaluru vs Sunrisers Hyderabad
1304083,2022-04-24,2022,Lucknow Super Giants,Mumbai Indians,Wankhede Stadium,Mumbai,Mumbai Indians,field,Mumbai Indians,Lucknow Super Giants,Lucknow Super Giants,0,0,1,Lucknow Super Giants vs Mumbai Indians
1304084,2022-04-25,2022,Chennai Super Kings,Punjab Kings,Wankhede Stadium,Mumbai,Chennai Super Kings,field,Chennai Super Kings,Punjab Kings,Punjab Kings,0,0,1,Chennai Super Kings vs Punjab Kings
1304085,2022-04-26,2022,Rajasthan Royals,Royal Challengers Bengaluru,Maharashtra Cricket Association Stadium,Pune,Royal Challengers Bengaluru,field,Royal Challengers Bengaluru,Rajasthan Royals,Rajasthan Royals,0,0,1,Rajasthan Royals vs Royal Challengers Bengaluru
1304086,2022-04-27,2022,Gujarat Titans,Sunrisers Hyderabad,Wankhede Stadium,Mumbai,Gujarat Titans,field,Gujarat Titans,Sunrisers Hyderabad,Gujarat Titans,1,1,0,Gujarat Titans vs Sunrisers Hyderabad
1304087,2022-04-28,2022,Delhi Capitals,Kolkata Knight Riders,Wankhede Stadium,Mumbai,Delhi Capitals,field,Delhi Capitals,Kolkata Knight Riders,Delhi Capitals,1,1,0,Delhi Capitals vs Kolkata Knight Riders
1304088,2022-04-29,2022,Lucknow Super Giants,Punjab Kings,Maharashtra Cricket Association Stadium,Pune,Punjab Kings,field,Punjab Kings,Lucknow Super Giants,Lucknow Super Giants,0,0,1,Lucknow Super Giants vs Punjab Kings
1304089,2022-04-30,2022,Gujarat Titans,Royal Challengers Bengaluru,Brabourne Stadium,Mumbai,Royal Challengers Bengaluru,bat,Gujarat Titans,Royal Challengers Bengaluru,Gujarat Titans,0,1,0,Gujarat Titans vs Royal Challengers Bengaluru
1304090,2022-04-30,2022,Mumbai Indians,Rajasthan Royals,Dr DY Patil Sports Academy,Navi Mumbai,Mumbai Indians,field,Mumbai Indians,Rajasthan Royals,Mumbai Indians,1,1,0,Mumbai Indians vs Rajasthan Royals
1304091,2022-05-01,2022,Delhi Capitals,Lucknow Super Giants,Wankhede Stadium,Mumbai,Lucknow Super Giants,bat,Delhi Capitals,Lucknow Super Giants,Lucknow Super Giants,1,0,1,Delhi Capitals vs Lucknow Super Giants
1304092,2022-05-01,2022,Chennai Super Kings,Sunrisers Hyderabad,Maharashtra Cricket Association Stadium,Pune,Sunrisers Hyderabad,field,Sunrisers Hyderabad,Chennai Super Kings,Chennai Super Kings,0,0,1,Chennai Super Kings vs Sunrisers Hyderabad
1304093,2022-05-02,2022,Kolkata Knight Riders,Rajasthan Royals,Wankhede Stadium,Mumbai,Kolkata Knight Riders,field,Kolkata Knight Riders,Rajasthan Royals,Kolkata Knight Riders,1,1,0,Kolkata Knight Riders vs Rajasthan Royals
1304094,2022-05-03,2022,Gujarat Titans,Punjab Kings,Dr DY Patil Sports Academy,Navi Mumbai,Gujarat Titans,bat,Punjab Kings,Gujarat Titans,Punjab Kings,0,1,0,Gujarat Titans vs Punjab Kings
1304095,2022-05-04,2022,Chennai Super Kings,Royal Challengers Bengaluru,Maharashtra Cricket Association Stadium,Pune,Chennai Super Kings,field,Chennai Super Kings,Royal Challengers Bengaluru,Royal Challengers Bengaluru,0,0,1,Chennai Super Kings vs Royal Challengers Bengaluru
1304096,2022-05-05,2022,Delhi Capitals,Sunrisers Hyderabad,Brabourne Stadium,Mumbai,Sunrisers Hyderabad,field,Sunrisers Hyderabad,Delhi Capitals,Delhi Capitals,0,0,1,Delhi Capitals vs Sunrisers Hyderabad
1304097,2022-05-06,2022,Gujarat Titans,Mumbai Indians,Brabourne Stadium,Mumbai,Gujarat Titans,field,Gujarat Titans,Mumbai Indians,Mumbai Indians,0,0,1,Gujarat Titans vs Mumbai Indians
1304098,2022-05-07,2022,Punjab Kings,Rajasthan Royals,Wankhede Stadium,Mumbai,Punjab Kings,bat,Rajasthan Royals,Punjab Kings,Rajasthan Royals,0,1,0,Punjab Kings vs Rajasthan Royals
1304099,2022-05-07,2022,Kolkata Knight Riders,Lucknow Super Giants,Maharashtra Cricket Association Stadium,Pune,Kolkata Knight Riders,field,Kolkata Knight Riders,Lucknow Super Giants,Lucknow Super Giants,0,0,1,Kolkata Knight Riders vs Lucknow Super Giants
1304100,2022-05-08,2022,Royal Challengers Bengaluru,Sunrisers Hyderabad,Wankhede Stadium,Mumbai,Royal Challengers Bengaluru,bat,Sunrisers Hyderabad,Royal Challengers Bengaluru,Royal Challengers Bengaluru,1,0,1,Royal Challengers Bengaluru vs Sunrisers Hyderabad
1304101,2022-05-08,2022,Chennai Super Kings,Delhi Capitals,Dr DY Patil Sports Academy,Navi Mumbai,Delhi Capitals,field,Delhi Capitals,Chennai Super Kings,Chennai Super Kings,0,0,1,Chennai Super Kings vs Delhi Capitals
1304102,2022-05-09,2022,Kolkata Knight Riders,Mumbai Indians,Dr DY Patil Sports Academy,Navi Mumbai,Mumbai Indians,field,Mumbai Indians,Kolkata Knight Riders,Kolkata Knight Riders,0,0,1,Kolkata Knight Riders vs Mumbai Indians
1304103,2022-05-10,2022,Gujarat Titans,Lucknow Super Giants,Maharashtra Cricket Association Stadium,Pune,Gujarat Titans,bat,Lucknow Super Giants,Gujarat Titans,Gujarat Titans,1,0,1,Gujarat Titans vs Lucknow Super Giants
1304104,2022-05-11,2022,Delhi Capitals,Rajasthan Royals,Dr DY Patil Sports Academy,Navi Mumbai,Delhi Capitals,field,Delhi Capitals,Rajasthan Royals,Delhi Capitals,1,1,0,Delhi Capitals vs Rajasthan Royals
1304105,2022-05-12,2022,Chennai Super Kings,Mumbai Indians,Wankhede Stadium,Mumbai,Mumbai Indians,field,Mumbai Indians,Chennai Super Kings,Mumbai Indians,1,1,0,Chennai Super Kings vs Mumbai Indians
1304106,2022-05-13,2022,Punjab Kings,Royal Challengers Bengaluru,Brabourne Stadium,Mumbai,Royal Challengers Bengaluru,field,Royal Challengers Bengaluru,Punjab Kings,Punjab Kings,0,0,1,Punjab Kings vs Royal Challengers Bengaluru
1304107,2022-05-14,2022,Kolkata Knight Riders,Sunrisers Hyderabad,Maharashtra Cricket Association Stadium,Pune,Kolkata Knight Riders,bat,Sunrisers Hyderabad,Kolkata Knight Riders,Kolkata Knight Riders,1,0,1,Kolkata Knight Riders vs Sunrisers Hyderabad
1304108,2022-05-15,2022,Chennai Super Kings,Gujarat Titans,Wankhede Stadium,Mumbai,Chennai Super Kings,bat,Gujarat Titans,Chennai Super Kings,Gujarat Titans,0,1,0,Chennai Super Kings vs Gujarat Titans
1304109,2022-05-15,2022,Lucknow Super Giants,Rajasthan Royals,Brabourne Stadium,Mumbai,Rajasthan Royals,bat,Lucknow Super Giants,Rajasthan Royals,Rajasthan Royals,1,0,1,Lucknow Super Giants vs Rajasthan Royals
1304110,2022-05-16,2022,Delhi Capitals,Punjab Kings,Dr DY Patil Sports Academy,Navi Mumbai,Punjab Kings,field,Punjab Kings,Delhi Capitals,Delhi Capitals,0,0,1,Delhi Capitals vs Punjab Kings
1304111,2022-05-17,2022,Mumbai Indians,Sunrisers Hyderabad,Wankhede Stadium,Mumbai,Mumbai Indians,field,Mumbai Indians,Sunrisers Hyderabad,Sunrisers Hyderabad,0,0,1,Mumbai Indians vs Sunrisers Hyderabad
1304112,2022-05-18,2022,Kolkata Knight Riders,Lucknow Super Giants,Dr DY Patil Sports Academy,Navi Mumbai,Lucknow Super Giants,bat,Kolkata Knight Riders,Lucknow Super Giants,Lucknow Super Giants,1,0,1,Kolkata Knight Riders vs Lucknow Super Giants
1304113,2022-05-19,2022,Gujarat Titans,Royal Challengers Bengaluru,Wankhede Stadium,Mumbai,Gujarat Titans,bat,Royal Challengers Bengaluru,Gujarat Titans,Royal Challengers Bengaluru,0,1,0,Gujarat Titans vs Royal Challengers Bengaluru
1304114,2022-05-20,2022,Chennai Super Kings,Rajasthan Royals,Brabourne Stadium,Mumbai,Chennai Super Kings,bat,Rajasthan Royals,Chennai Super Kings,Rajasthan Royals,0,1,0,Chennai Super Kings vs Rajasthan Royals
1304115,2022-05-21,2022,Delhi Capitals,Mumbai Indians,Wankhede Stadium,Mumbai,Mumbai Indians,field,Mumbai Indians,Delhi Capitals,Mumbai Indians,1,1,0,Delhi Capitals vs Mumbai Indians
1304116,2022-05-22,2022,Punjab Kings,Sunrisers Hyderabad,Wankhede Stadium,Mumbai,Sunrisers Hyderabad,bat,Punjab Kings,Sunrisers Hyderabad,Punjab Kings,0,1,0,Punjab Kings vs Sunrisers Hyderabad
1312197,2022-05-24,2022,Gujarat Titans,Rajasthan Royals,Eden Gardens,Kolkata,Gujarat Titans,field,Gujarat Titans,Rajasthan Royals,Gujarat Titans,1,1,0,Gujarat Titans vs Rajasthan Royals
1312198,2022-05-25,2022,Lucknow Super Giants,Royal Challengers Bengaluru,Eden Gardens,Kolkata,Lucknow Super Giants,field,Lucknow Super Giants,Royal Challengers Bengaluru,Royal Challengers Bengaluru,0,0,1,Lucknow Super Giants vs Royal Challengers Bengaluru
1312199,2022-05-27,2022,Rajasthan Royals,Royal Challengers Bengaluru,Narendra Modi Stadium,Ahmedabad,Rajasthan Royals,field,Rajasthan Royals,Royal Challengers Bengaluru,Rajasthan Royals,1,1,0,Rajasthan Royals vs Royal Challengers Bengaluru
1312200,2022-05-29,2022,Gujarat Titans,Rajasthan Royals,Narendra Modi Stadium,Ahmedabad,Rajasthan Royals,bat,Gujarat Titans,Rajasthan Royals,Gujarat Titans,0,1,0,Gujarat Titans vs Rajasthan Royals
1359475,2023-03-31,2023,Chennai Super Kings,Gujarat Titans,Narendra Modi Stadium,Ahmedabad,Gujarat Titans,field,Gujarat Titans,Chennai Super Kings,Gujarat Titans,1,1,0,Chennai Super Kings vs Gujarat Titans
1359476,2023-04-01,2023,Kolkata Knight Riders,Punjab Kings,Punjab Cricket Association IS Bindra Stadium,Chandigarh,Kolkata Knight Riders,field,Kolkata Knight Riders,Punjab Kings,Punjab Kings,0,0,1,Kolkata Knight Riders vs Punjab Kings
1359477,2023-04-01,2023,Delhi Capitals,Lucknow Super Giants,Bharat Ratna Shri Atal Bihari Vajpayee Ekana Cricket Stadium,Lucknow,Delhi Capitals,field,Delhi Capitals,Lucknow Super Giants,Lucknow Super Giants,0,0,1,Delhi Capitals vs Lucknow Super Giants
1359478,2023-04-02,2023,Rajasthan Royals,Sunrisers Hyderabad,Rajiv Gandhi International Stadium,Hyderabad,Sunrisers Hyderabad,field,Sunrisers Hyderabad,Rajasthan Royals,Rajasthan Royals,0,0,1,Rajasthan Royals vs Sunrisers Hyderabad
1359479,2023-04-02,2023,Mumbai Indians,Royal Challengers Bengaluru,M Chinnaswamy Stadium,Bengaluru,Royal Challengers Bengaluru,field,Royal Challengers Bengaluru,Mumbai Indians,Royal Challengers Bengaluru,1,1,0,Mumbai Indians vs Royal Challengers Bengaluru
1359480,2023-04-03,2023,Chennai Super Kings,Lucknow Super Giants,MA Chidambaram Stadium,Chennai,Lucknow Super Giants,field,Lucknow Super Giants,Chennai Super Kings,Chennai Super Kings,0,0,1,Chennai Super Kings vs Lucknow Super Giants
1359481,2023-04-04,2023,Delhi Capitals,Gujarat Titans,Arun Jaitley Stadium,Delhi,Gujarat Titans,field,Gujarat Titans,Delhi Capitals,Gujarat Titans,1,1,0,Delhi Capitals vs Gujarat Titans
1359482,2023-04-05,2023,Punjab Kings,Rajasthan Royals,Barsapara Cricket Stadium,Guwahati,Rajasthan Royals,field,Rajasthan Royals,Punjab Kings,Punjab Kings,0,0,1,Punjab Kings vs Rajasthan Royals
1359483,2023-04-06,2023,Kolkata Knight Riders,Royal Challengers Bengaluru,Eden Gardens,Kolkata,Royal Challengers Bengaluru,field,Royal Challengers Bengaluru,Kolkata Knight Riders,Kolkata Knight Riders,0,0,1,Kolkata Knight Riders vs Royal Challengers Bengaluru
1359484,2023-04-07,2023,Lucknow Super Giants,Sunrisers Hyderabad,Bharat Ratna Shri Atal Bihari Vajpayee Ekana Cricket Stadium,Lucknow,Sunrisers Hyderabad,bat,Lucknow Super Giants,Sunrisers Hyderabad,Lucknow Super Giants,0,1,0,Lucknow Super Giants vs Sunrisers Hyderabad
1359485,2023-04-08,2023,Delhi Capitals,Rajasthan Royals,Barsapara Cricket Stadium,Guwahati,Delhi Capitals,field,Delhi Capitals,Rajasthan Royals,Rajasthan Royals,0,0,1,Delhi Capitals vs Rajasthan Royals
1359486,2023-04-08,2023,Chennai Super Kings,Mumbai Indians,Wankhede Stadium,Mumbai,Chennai Super Kings,field,Chennai Super Kings,Mumbai Indians,Chennai Super Kings,1,1,0,Chennai Super Kings vs Mumbai Indians
1359487,2023-04-09,2023,Gujarat Titans,Kolkata Knight Riders,Narendra Modi Stadium,Ahmedabad,Gujarat Titans,bat,Kolkata Knight Riders,Gujarat Titans,Kolkata Knight Riders,0,1,0,Gujarat Titans vs Kolkata Knight Riders
1359488,2023-04-09,2023,Punjab Kings,Sunrisers Hyderabad,Rajiv Gandhi International Stadium,Hyderabad,Sunrisers Hyderabad,field,Sunrisers Hyderabad,Punjab Kings,Sunrisers Hyderabad,1,1,0,Punjab Kings vs Sunrisers Hyderabad
1359489,2023-04-10,2023,Lucknow Super Giants,Royal Challengers Bengaluru,M Chinnaswamy Stadium,Bengaluru,Lucknow Super Giants,field,Lucknow Super Giants,Royal Challengers Bengaluru,Lucknow Super Giants,1,1,0,Lucknow Super Giants vs Royal Challengers Bengaluru
1359490,2023-04-11,2023,Delhi Capitals,Mumbai Indians,Arun Jaitley Stadium,Delhi,Mumbai Indians,field,Mumbai Indians,Delhi Capitals,Mumbai Indians,1,1,0,Delhi Capitals vs Mumbai Indians
1359491,2023-04-12,2023,Chennai Super Kings,Rajasthan Royals,MA Chidambaram Stadium,Chennai,Chennai Super Kings,field,Chennai Super Kings,Rajasthan Royals,Rajasthan Royals,0,0,1,Chennai Super Kings vs Rajasthan Royals
1359492,2023-04-13,2023,Gujarat Titans,Punjab Kings,Punjab Cricket Association IS Bindra Stadium,Chandigarh,Gujarat Titans,field,Gujarat Titans,Punjab Kings,Gujarat Titans,1,1,0,Gujarat Titans vs Punjab Kings
1359493,2023-04-14,2023,Kolkata Knight Riders,Sunrisers Hyderabad,Eden Gardens,Kolkata,Kolkata Knight Riders,field,Kolkata Knight Riders,Sunrisers Hyderabad,Sunrisers Hyderabad,0,0,1,Kolkata Knight Riders vs Sunrisers Hyderabad
1359494,2023-04-15,2023,Delhi Capitals,Royal Challengers Bengaluru,M Chinnaswamy Stadium,Bengaluru,Delhi Capitals,field,Delhi Capitals,Royal Challengers Bengaluru,Royal Challengers Bengaluru,0,0,1,Delhi Capitals vs Royal Challengers Bengaluru
1359495,2023-04-15,2023,Lucknow Super Giants,Punjab Kings,Bharat Ratna Shri Atal Bihari Vajpayee Ekana Cricket Stadium,Lucknow,Punjab Kings,field,Punjab Kings,Lucknow Super Giants,Punjab Kings,1,1,0,Lucknow Super Giants vs Punjab Kings
1359496,2023-04-16,2023,Kolkata Knight Riders,Mumbai Indians,Wankhede Stadium,Mumbai,Mumbai Indians,field,Mumbai Indians,Kolkata Knight Riders,Mumbai Indians,1,1,0,Kolkata Knight Riders vs Mumbai Indians
1359497,2023-04-16,2023,Gujarat Titans,Rajasthan Royals,Narendra Modi Stadium,Ahmedabad,Rajasthan Royals,field,Rajasthan Royals,Gujarat Titans,Rajasthan Royals,1,1,0,Gujarat Titans vs Rajasthan Royals
1359498,2023-04-17,2023,Chennai Super Kings,Royal Challengers Bengaluru,M Chinnaswamy Stadium,Bengaluru,Royal Challengers Bengaluru,field,Royal Challengers Bengaluru,Chennai Super Kings,Chennai Super Kings,0,0,1,Chennai Super Kings vs Royal Challengers Bengaluru
1359499,2023-04-18,2023,Mumbai Indians,Sunrisers Hyderabad,Rajiv Gandhi International Stadium,Hyderabad,Sunrisers Hyderabad,field,Sunrisers Hyderabad,Mumbai Indians,Mumbai Indians,0,0,1,Mumbai Indians vs Sunrisers Hyderabad
1359500,2023-04-19,2023,Lucknow Super Giants,Rajasthan Royals,Sawai Mansingh Stadium,Jaipur,Rajasthan Royals,field,Rajasthan Royals,Lucknow Super Giants,Lucknow Super Giants,0,0,1,Lucknow Super Giants vs Rajasthan Royals
1359501,2023-04-20,2023,Punjab Kings,Royal Challengers Bengaluru,Punjab Cricket Association IS Bindra Stadium,Chandigarh,Punjab Kings,field,Punjab Kings,Royal Challengers Bengaluru,Royal Challengers Bengaluru,0,0,1,Punjab Kings vs Royal Challengers Bengaluru
1359502,2023-04-20,2023,Delhi Capitals,Kolkata Knight Riders,Arun Jaitley Stadium,Delhi,Delhi Capitals,field,Delhi Capitals,Kolkata Knight Riders,Delhi Capitals,1,1,0,Delhi Capitals vs Kolkata Knight Riders
1359503,2023-04-21,2023,Chennai Super Kings,Sunrisers Hyderabad,MA Chidambaram Stadium,Chennai,Chennai Super Kings,field,Chennai Super Kings,Sunrisers Hyderabad,Chennai Super Kings,1,1,0,Chennai Super Kings vs Sunrisers Hyderabad
1359504,2023-04-22,2023,Gujarat Titans,Lucknow Super Giants,Bharat Ratna Shri Atal Bihari Vajpayee Ekana Cricket Stadium,Lucknow,Gujarat Titans,bat,Lucknow Super Giants,Gujarat Titans,Gujarat Titans,1,0,1,Gujarat Titans vs Lucknow Super Giants
1359505,2023-04-22,2023,Mumbai Indians,Punjab Kings,Wankhede Stadium,Mumbai,Mumbai Indians,field,Mumbai Indians,Punjab Kings,Punjab Kings,0,0,1,Mumbai Indians vs Punjab Kings
1359506,2023-04-23,2023,Rajasthan Royals,Royal Challengers Bengaluru,M Chinnaswamy Stadium,Bengaluru,Rajasthan Royals,field,Rajasthan Royals,Royal Challengers Bengaluru,Royal Challengers Bengaluru,0,0,1,Rajasthan Royals vs Royal Challengers Bengaluru
1359507,2023-04-23,2023,Chennai Super Kings,Kolkata Knight Riders,Eden Gardens,Kolkata,Kolkata Knight Riders,field,Kolkata Knight Riders,Chennai Super Kings,Chennai Super Kings,0,0,1,Chennai Super Kings vs Kolkata Knight Riders
1359508,2023-04-24,2023,Delhi Capitals,Sunrisers Hyderabad,Rajiv Gandhi International Stadium,Hyderabad,Delhi Capitals,bat,Sunrisers Hyderabad,Delhi Capitals,Delhi Capitals,1,0,1,Delhi Capitals vs Sunrisers Hyderabad
1359509,2023-04-25,2023,Gujarat Titans,Mumbai Indians,Narendra Modi Stadium,Ahmedabad,Mumbai Indians,field,Mumbai Indians,Gujarat Titans,Gujarat Titans,0,0,1,Gujarat Titans vs Mumbai Indians
1359510,2023-04-26,2023,Kolkata Knight Riders,Royal Challengers Bengaluru,M Chinnaswamy Stadium,Bengaluru,Royal Challengers Bengaluru,field,Royal Challengers Bengaluru,Kolkata Knight Riders,Kolkata Knight Riders,0,0,1,Kolkata Knight Riders vs Royal Challengers Bengaluru
1359511,2023-04-27,2023,Chennai Super Kings,Rajasthan Royals,Sawai Mansingh Stadium,Jaipur,Rajasthan Royals,bat,Chennai Super Kings,Rajasthan Royals,Rajasthan Royals,1,0,1,Chennai Super Kings vs Rajasthan Royals
1359512,2023-04-28,2023,Lucknow Super Giants,Punjab Kings,Punjab Cricket Association IS Bindra Stadium,Chandigarh,Punjab Kings,field,Punjab Kings,Lucknow Super Giants,Lucknow Super Giants,0,0,1,Lucknow Super Giants vs Punjab Kings
1359513,2023-04-29,2023,Gujarat Titans,Kolkata Knight Riders,Eden Gardens,Kolkata,Gujarat Titans,field,Gujarat Titans,Kolkata Knight Riders,Gujarat Titans,1,1,0,Gujarat Titans vs Kolkata Knight Riders
1359514,2023-04-29,2023,Delhi Capitals,Sunrisers Hyderabad,Arun Jaitley Stadium,Delhi,Sunrisers Hyderabad,bat,Delhi Capitals,Sunrisers Hyderabad,Sunrisers Hyderabad,1,0,1,Delhi Capitals vs Sunrisers Hyderabad
1359515,2023-04-30,2023,Chennai Super Kings,Punjab Kings,MA Chidambaram Stadium,Chennai,Chennai Super Kings,bat,Punjab Kings,Chennai Super Kings,Punjab Kings,0,1,0,Chennai Super Kings vs Punjab Kings
1359516,2023-04-30,2023,Mumbai Indians,Rajasthan Royals,Wankhede Stadium,Mumbai,Rajasthan Royals,bat,Mumbai Indians,Rajasthan Royals,Mumbai Indians,0,1,0,Mumbai Indians vs Rajasthan Royals
1359517,2023-05-01,2023,Lucknow Super Giants,Royal Challengers Bengaluru,Bharat Ratna Shri Atal Bihari Vajpayee Ekana Cricket Stadium,Lucknow,Royal Challengers Bengaluru,bat,Lucknow Super Giants,Royal Challengers Bengaluru,Royal Challengers Bengaluru,1,0,1,Lucknow Super Giants vs Royal Challengers Bengaluru
1359518,2023-05-02,2023,Delhi Capitals,Gujarat Titans,Narendra Modi Stadium,Ahmedabad,Delhi Capitals,bat,Gujarat Titans,Delhi Capitals,Delhi Capitals,1,0,1,Delhi Capitals vs Gujarat Titans
1359519,2023-05-03,2023,Chennai Super Kings,Lucknow Super Giants,Bharat Ratna Shri Atal Bihari Vajpayee Ekana Cricket Stadium,Lucknow,Chennai Super Kings,field,Chennai Super Kings,Lucknow Super Giants,Unknown,0,0,0,Chennai Super Kings vs Lucknow Super Giants
1359520,2023-05-03,2023,Mumbai Indians,Punjab Kings,Punjab Cricket Association IS Bindra Stadium,Chandigarh,Mumbai Indians,field,Mumbai Indians,Punjab Kings,Mumbai Indians,1,1,0,Mumbai Indians vs Punjab Kings
1359521,2023-05-04,2023,Kolkata Knight Riders,Sunrisers Hyderabad,Rajiv Gandhi International Stadium,Hyderabad,Kolkata Knight Riders,bat,Sunrisers Hyderabad,Kolkata Knight Riders,Kolkata Knight Riders,1,0,1,Kolkata Knight Riders vs Sunrisers Hyderabad
1359522,2023-05-05,2023,Gujarat Titans,Rajasthan Royals,Sawai Mansingh Stadium,Jaipur,Rajasthan Royals,bat,Gujarat Titans,Rajasthan Royals,Gujarat Titans,0,1,0,Gujarat Titans vs Rajasthan Royals
1359523,2023-05-06,2023,Chennai Super Kings,Mumbai Indians,MA Chidambaram Stadium,Chennai,Chennai Super Kings,field,Chennai Super Kings,Mumbai Indians,Chennai Super Kings,1,1,0,Chennai Super Kings vs Mumbai Indians
1359524,2023-05-06,2023,Delhi Capitals,Royal Challengers Bengaluru,Arun Jaitley Stadium,Delhi,Royal Challengers Bengaluru,bat,Delhi Capitals,Royal Challengers Bengaluru,Delhi Capitals,0,1,0,Delhi Capitals vs Royal Challengers Bengaluru
1359525,2023-05-07,2023,Gujarat Titans,Lucknow Super Giants,Narendra Modi Stadium,Ahmedabad,Lucknow Super Giants,field,Lucknow Super Giants,Gujarat Titans,Gujarat Titans,0,0,1,Gujarat Titans vs Lucknow Super Giants
1359526,2023-05-07,2023,Rajasthan Royals,Sunrisers Hyderabad,Sawai Mansingh Stadium,Jaipur,Rajasthan Royals,bat,Sunrisers Hyderabad,Rajasthan Royals,Sunrisers Hyderabad,0,1,0,Rajasthan Royals vs Sunrisers Hyderabad
1359527,2023-05-08,2023,Kolkata Knight Riders,Punjab Kings,Eden Gardens,Kolkata,Punjab Kings,bat,Kolkata Knight Riders,Punjab Kings,Kolkata Knight Riders,0,1,0,Kolkata Knight Riders vs Punjab Kings
1359528,2023-05-09,2023,Mumbai Indians,Royal Challengers Bengaluru,Wankhede Stadium,Mumbai,Mumbai Indians,field,Mumbai Indians,Royal Challengers Bengaluru,Mumbai Indians,1,1,0,Mumbai Indians vs Royal Challengers Bengaluru
1359529,2023-05-10,2023,Chennai Super Kings,Delhi Capitals,MA Chidambaram Stadium,Chennai,Chennai Super Kings,bat,Delhi Capitals,Chennai Super Kings,Chennai Super Kings,1,0,1,Chennai Super Kings vs Delhi Capitals
1359530,2023-05-11,2023,Kolkata Knight Riders,Rajasthan Royals,Eden Gardens,Kolkata,Rajasthan Royals,field,Rajasthan Royals,Kolkata Knight Riders,Rajasthan Royals,1,1,0,Kolkata Knight Riders vs Rajasthan Royals
1359531,2023-05-12,2023,Gujarat Titans,Mumbai Indians,Wankhede Stadium,Mumbai,Gujarat Titans,field,Gujarat Titans,Mumbai Indians,Mumbai Indians,0,0,1,Gujarat Titans vs Mumbai Indians
1359532,2023-05-13,2023,Lucknow Super Giants,Sunrisers Hyderabad,Rajiv Gandhi International Stadium,Hyderabad,Sunrisers Hyderabad,bat,Lucknow Super Giants,Sunrisers Hyderabad,Lucknow Super Giants,0,1,0,Lucknow Super Giants vs Sunrisers Hyderabad
1359533,2023-05-13,2023,Delhi Capitals,Punjab Kings,Arun Jaitley Stadium,Delhi,Delhi Capitals,field,Delhi Capitals,Punjab Kings,Punjab Kings,0,0,1,Delhi Capitals vs Punjab Kings
1359534,2023-05-14,2023,Rajasthan Royals,Royal Challengers Bengaluru,Sawai Mansingh Stadium,Jaipur,Royal Challengers Bengaluru,bat,Rajasthan Royals,Royal Challengers Bengaluru,Royal Challengers Bengaluru,1,0,1,Rajasthan Royals vs Royal Challengers Bengaluru
1359535,2023-05-14,2023,Chennai Super Kings,Kolkata Knight Riders,MA Chidambaram Stadium,Chennai,Chennai Super Kings,bat,Kolkata Knight Riders,Chennai Super Kings,Kolkata Knight Riders,0,1,0,Chennai Super Kings vs Kolkata Knight Riders
1359536,2023-05-15,2023,Gujarat Titans,Sunrisers Hyderabad,Narendra Modi Stadium,Ahmedabad,Sunrisers Hyderabad,field,Sunrisers Hyderabad,Gujarat Titans,Gujarat Titans,0,0,1,Gujarat Titans vs Sunrisers Hyderabad
1359537,2023-05-16,2023,Lucknow Super Giants,Mumbai Indians,Bharat Ratna Shri Atal Bihari Vajpayee Ekana Cricket Stadium,Lucknow,Mumbai Indians,field,Mumbai Indians,Lucknow Super Giants,Lucknow Super Giants,0,0,1,Lucknow Super Giants vs Mumbai Indians
1359538,2023-05-17,2023,Delhi Capitals,Punjab Kings,Himachal Pradesh Cricket Association Stadium,Dharamsala,Punjab Kings,field,Punjab Kings,Delhi Capitals,Delhi Capitals,0,0,1,Delhi Capitals vs Punjab Kings
1359539,2023-05-18,2023,Royal Challengers Bengaluru,Sunrisers Hyderabad,Rajiv Gandhi International Stadium,Hyderabad,Royal Challengers Bengaluru,field,Royal Challengers Bengaluru,Sunrisers Hyderabad,Royal Challengers Bengaluru,1,1,0,Royal Challengers Bengaluru vs Sunrisers Hyderabad
1359540,2023-05-19,2023,Punjab Kings,Rajasthan Royals,Himachal Pradesh Cricket Association Stadium,Dharamsala,Rajasthan Royals,field,Rajasthan Royals,Punjab Kings,Rajasthan Royals,1,1,0,Punjab Kings vs Rajasthan Royals
1359541,2023-05-20,2023,Chennai Super Kings,Delhi Capitals,Arun Jaitley Stadium,Delhi,Chennai Super Kings,bat,Delhi Capitals,Chennai Super Kings,Chennai Super Kings,1,0,1,Chennai Super Kings vs Delhi Capitals
1359542,2023-05-20,2023,Kolkata Knight Riders,Lucknow Super Giants,Eden Gardens,Kolkata,Kolkata Knight Riders,field,Kolkata Knight Riders,Lucknow Super Giants,Lucknow Super Giants,0,0,1,Kolkata Knight Riders vs Lucknow Super Giants
1359543,2023-05-21,2023,Mumbai Indians,Sunrisers Hyderabad,Wankhede Stadium,Mumbai,Mumbai Indians,field,Mumbai Indians,Sunrisers Hyderabad,Mumbai Indians,1,1,0,Mumbai Indians vs Sunrisers Hyderabad
1359544,2023-05-21,2023,Gujarat Titans,Royal Challengers Bengaluru,M Chinnaswamy Stadium,Bengaluru,Gujarat Titans,field,Gujarat Titans,Royal Challengers Bengaluru,Gujarat Titans,1,1,0,Gujarat Titans vs Royal Challengers Bengaluru
1370350,2023-05-23,2023,Chennai Super Kings,Gujarat Titans,MA Chidambaram Stadium,Chennai,Gujarat Titans,field,Gujarat Titans,Chennai Super Kings,Chennai Super Kings,0,0,1,Chennai Super Kings vs Gujarat Titans
1370351,2023-05-24,2023,Lucknow Super Giants,Mumbai Indians,MA Chidambaram Stadium,Chennai,Mumbai Indians,bat,Lucknow Super Giants,Mumbai Indians,Mumbai Indians,1,0,1,Lucknow Super Giants vs Mumbai Indians
1370352,2023-05-26,2023,Gujarat Titans,Mumbai Indians,Narendra Modi Stadium,Ahmedabad,Mumbai Indians,field,Mumbai Indians,Gujarat Titans,Gujarat Titans,0,0,1,Gujarat Titans vs Mumbai Indians
1370353,2023-05-29,2023,Chennai Super Kings,Gujarat Titans,Narendra Modi Stadium,Ahmedabad,Chennai Super Kings,field,Chennai Super Kings,Gujarat Titans,Chennai Super Kings,1,1,0,Chennai Super Kings vs Gujarat Titans
1422119,2024-03-22,2024,Chennai Super Kings,Royal Challengers Bengaluru,MA Chidambaram Stadium,Chennai,Royal Challengers Bengaluru,bat,Chennai Super Kings,Royal Challengers Bengaluru,Chennai Super Kings,0,1,0,Chennai Super Kings vs Royal Challengers Bengaluru
1422120,2024-03-23,2024,Delhi Capitals,Punjab Kings,Maharaja Yadavindra Singh International Cricket Stadium,Mohali,Punjab Kings,field,Punjab Kings,Delhi Capitals,Punjab Kings,1,1,0,Delhi Capitals vs Punjab Kings
1422121,2024-03-23,2024,Kolkata Knight Riders,Sunrisers Hyderabad,Eden Gardens,Kolkata,Sunrisers Hyderabad,field,Sunrisers Hyderabad,Kolkata Knight Riders,Kolkata Knight Riders,0,0,1,Kolkata Knight Riders vs Sunrisers Hyderabad
1422122,2024-03-24,2024,Lucknow Super Giants,Rajasthan Royals,Sawai Mansingh Stadium,Jaipur,Rajasthan Royals,bat,Lucknow Super Giants,Rajasthan Royals,Rajasthan Royals,1,0,1,Lucknow Super Giants vs Rajasthan Royals
1422123,2024-03-24,2024,Gujarat Titans,Mumbai Indians,Narendra Modi Stadium,Ahmedabad,Mumbai Indians,field,Mumbai Indians,Gujarat Titans,Gujarat Titans,0,0,1,Gujarat Titans vs Mumbai Indians
1422124,2024-03-25,2024,Punjab Kings,Royal Challengers Bengaluru,M Chinnaswamy Stadium,Bengaluru,Royal Challengers Bengaluru,field,Royal Challengers Bengaluru,Punjab Kings,Royal Challengers Bengaluru,1,1,0,Punjab Kings vs Royal Challengers Bengaluru
1422125,2024-03-26,2024,Chennai Super Kings,Gujarat Titans,MA Chidambaram Stadium,Chennai,Gujarat Titans,field,Gujarat Titans,Chennai Super Kings,Chennai Super Kings,0,0,1,Chennai Super Kings vs Gujarat Titans
1422126,2024-03-27,2024,Mumbai Indians,Sunrisers Hyderabad,Rajiv Gandhi International Stadium,Hyderabad,Mumbai Indians,field,Mumbai Indians,Sunrisers Hyderabad,Sunrisers Hyderabad,0,0,1,Mumbai Indians vs Sunrisers Hyderabad
1422127,2024-03-28,2024,Delhi Capitals,Rajasthan Royals,Sawai Mansingh Stadium,Jaipur,Delhi Capitals,field,Delhi Capitals,Rajasthan Royals,Rajasthan Royals,0,0,1,Delhi Capitals vs Rajasthan Royals
1422128,2024-03-29,2024,Kolkata Knight Riders,Royal Challengers Bengaluru,M Chinnaswamy Stadium,Bengaluru,Kolkata Knight Riders,field,Kolkata Knight Riders,Royal Challengers Bengaluru,Kolkata Knight Riders,1,1,0,Kolkata Knight Riders vs Royal Challengers Bengaluru
1422129,2024-03-30,2024,Lucknow Super Giants,Punjab Kings,Bharat Ratna Shri Atal Bihari Vajpayee Ekana Cricket Stadium,Lucknow,Lucknow Super Giants,bat,Punjab Kings,Lucknow Super Giants,Lucknow Super Giants,1,0,1,Lucknow Super Giants vs Punjab Kings
1422130,2024-03-31,2024,Gujarat Titans,Sunrisers Hyderabad,Narendra Modi Stadium,Ahmedabad,Sunrisers Hyderabad,bat,Gujarat Titans,Sunrisers Hyderabad,Gujarat Titans,0,1,0,Gujarat Titans vs Sunrisers Hyderabad
1422131,2024-03-31,2024,Chennai Super Kings,Delhi Capitals,Dr. Y.S. Rajasekhara Reddy ACA-VDCA Cricket Stadium,Visakhapatnam,Delhi Capitals,bat,Chennai Super Kings,Delhi Capitals,Delhi Capitals,1,0,1,Chennai Super Kings vs Delhi Capitals
1422132,2024-04-01,2024,Mumbai Indians,Rajasthan Royals,Wankhede Stadium,Mumbai,Rajasthan Royals,field,Rajasthan Royals,Mumbai Indians,Rajasthan Royals,1,1,0,Mumbai Indians vs Rajasthan Royals
1422133,2024-04-02,2024,Lucknow Super Giants,Royal Challengers Bengaluru,M Chinnaswamy Stadium,Bengaluru,Royal Challengers Bengaluru,field,Royal Challengers Bengaluru,Lucknow Super Giants,Lucknow Super Giants,0,0,1,Lucknow Super Giants vs Royal Challengers Bengaluru
1422134,2024-04-03,2024,Delhi Capitals,Kolkata Knight Riders,Dr. Y.S. Rajasekhara Reddy ACA-VDCA Cricket Stadium,Visakhapatnam,Kolkata Knight Riders,bat,Delhi Capitals,Kolkata Knight Riders,Kolkata Knight Riders,1,0,1,Delhi Capitals vs Kolkata Knight Riders
1422135,2024-04-04,2024,Gujarat Titans,Punjab Kings,Narendra Modi Stadium,Ahmedabad,Punjab Kings,field,Punjab Kings,Gujarat Titans,Punjab Kings,1,1,0,Gujarat Titans vs Punjab Kings
1422136,2024-04-05,2024,Chennai Super Kings,Sunrisers Hyderabad,Rajiv Gandhi International Stadium,Hyderabad,Sunrisers Hyderabad,field,Sunrisers Hyderabad,Chennai Super Kings,Sunrisers Hyderabad,1,1,0,Chennai Super Kings vs Sunrisers Hyderabad
1422137,2024-04-06,2024,Rajasthan Royals,Royal Challengers Bengaluru,Sawai Mansingh Stadium,Jaipur,Rajasthan Royals,field,Rajasthan Royals,Royal Challengers Bengaluru,Rajasthan Royals,1,1,0,Rajasthan Royals vs Royal Challengers Bengaluru
1422138,2024-04-07,2024,Delhi Capitals,Mumbai Indians,Wankhede Stadium,Mumbai,Delhi Capitals,field,Delhi Capitals,Mumbai Indians,Mumbai Indians,0,0,1,Delhi Capitals vs Mumbai Indians
1422139,2024-04-07,2024,Gujarat Titans,Lucknow Super Giants,Bharat Ratna Shri Atal Bihari Vajpayee Ekana Cricket Stadium,Lucknow,Lucknow Super Giants,bat,Gujarat Titans,Lucknow Super Giants,Lucknow Super Giants,1,0,1,Gujarat Titans vs Lucknow Super Giants
1426260,2024-04-08,2024,Chennai Super Kings,Kolkata Knight Riders,MA Chidambaram Stadium,Chennai,Chennai Super Kings,field,Chennai Super Kings,Kolkata Knight Riders,Chennai Super Kings,1,1,0,Chennai Super Kings vs Kolkata Knight Riders
1426261,2024-04-09,2024,Punjab Kings,Sunrisers Hyderabad,Maharaja Yadavindra Singh International Cricket Stadium,Mohali,Punjab Kings,field,Punjab Kings,Sunrisers Hyderabad,Sunrisers Hyderabad,0,0,1,Punjab Kings vs Sunrisers Hyderabad
1426262,2024-04-10,2024,Gujarat Titans,Rajasthan Royals,Sawai Mansingh Stadium,Jaipur,Gujarat Titans,field,Gujarat Titans,Rajasthan Royals,Gujarat Titans,1,1,0,Gujarat Titans vs Rajasthan Royals
1426263,2024-04-11,2024,Mumbai Indians,Royal Challengers Bengaluru,Wankhede Stadium,Mumbai,Mumbai Indians,field,Mumbai Indians,Royal Challengers Bengaluru,Mumbai Indians,1,1,0,Mumbai Indians vs Royal Challengers Bengaluru
1426264,2024-04-12,2024,Delhi Capitals,Lucknow Super Giants,Bharat Ratna Shri Atal Bihari Vajpayee Ekana Cricket Stadium,Lucknow,Lucknow Super Giants,bat,Delhi Capitals,Lucknow Super Giants,Delhi Capitals,0,1,0,Delhi Capitals vs Lucknow Super Giants
1426265,2024-04-13,2024,Punjab Kings,Rajasthan Royals,Maharaja Yadavindra Singh International Cricket Stadium,Mohali,Rajasthan Royals,field,Rajasthan Royals,Punjab Kings,Rajasthan Royals,1,1,0,Punjab Kings vs Rajasthan Royals
1426266,2024-04-14,2024,Kolkata Knight Riders,Lucknow Super Giants,Eden Gardens,Kolkata,Kolkata Knight Riders,field,Kolkata Knight Riders,Lucknow Super Giants,Kolkata Knight Riders,1,1,0,Kolkata Knight Riders vs Lucknow Super Giants
1426267,2024-04-14,2024,Chennai Super Kings,Mumbai Indians,Wankhede Stadium,Mumbai,Mumbai Indians,field,Mumbai Indians,Chennai Super Kings,Chennai Super Kings,0,0,1,Chennai Super Kings vs Mumbai Indians
1426268,2024-04-15,2024,Royal Challengers Bengaluru,Sunrisers Hyderabad,M Chinnaswamy Stadium,Bengaluru,Royal Challengers Bengaluru,field,Royal Challengers Bengaluru,Sunrisers Hyderabad,Sunrisers Hyderabad,0,0,1,Royal Challengers Bengaluru vs Sunrisers Hyderabad
1426269,2024-04-16,2024,Kolkata Knight Riders,Rajasthan Royals,Eden Gardens,Kolkata,Rajasthan Royals,field,Rajasthan Royals,Kolkata Knight Riders,Rajasthan Royals,1,1,0,Kolkata Knight Riders vs Rajasthan Royals
1426270,2024-04-17,2024,Delhi Capitals,Gujarat Titans,Narendra Modi Stadium,Ahmedabad,Delhi Capitals,field,Delhi Capitals,Gujarat Titans,Delhi Capitals,1,1,0,Delhi Capitals vs Gujarat Titans
1426271,2024-04-18,2024,Mumbai Indians,Punjab Kings,Maharaja Yadavindra Singh International Cricket Stadium,Mohali,Punjab Kings,field,Punjab Kings,Mumbai Indians,Mumbai Indians,0,0,1,Mumbai Indians vs Punjab Kings
1426272,2024-04-19,2024,Chennai Super Kings,Lucknow Super Giants,Bharat Ratna Shri Atal Bihari Vajpayee Ekana Cricket Stadium,Lucknow,Lucknow Super Giants,field,Lucknow Super Giants,Chennai Super Kings,Lucknow Super Giants,1,1,0,Chennai Super Kings vs Lucknow Super Giants
1426273,2024-04-20,2024,Delhi Capitals,Sunrisers Hyderabad,Arun Jaitley Stadium,Delhi,Delhi Capitals,field,Delhi Capitals,Sunrisers Hyderabad,Sunrisers Hyderabad,0,0,1,Delhi Capitals vs Sunrisers Hyderabad
1426274,2024-04-21,2024,Kolkata Knight Riders,Royal Challengers Bengaluru,Eden Gardens,Kolkata,Royal Challengers Bengaluru,field,Royal Challengers Bengaluru,Kolkata Knight Riders,Kolkata Knight Riders,0,0,1,Kolkata Knight Riders vs Royal Challengers Bengaluru
1426275,2024-04-21,2024,Gujarat Titans,Punjab Kings,Maharaja Yadavindra Singh International Cricket Stadium,Mohali,Punjab Kings,bat,Gujarat Titans,Punjab Kings,Gujarat Titans,0,1,0,Gujarat Titans vs Punjab Kings
1426276,2024-04-22,2024,Mumbai Indians,Rajasthan Royals,Sawai Mansingh Stadium,Jaipur,Mumbai Indians,bat,Rajasthan Royals,Mumbai Indians,Rajasthan Royals,0,1,0,Mumbai Indians vs Rajasthan Royals
1426277,2024-04-23,2024,Chennai Super Kings,Lucknow Super Giants,MA Chidambaram Stadium,Chennai,Lucknow Super Giants,field,Lucknow Super Giants,Chennai Super Kings,Lucknow Super Giants,1,1,0,Chennai Super Kings vs Lucknow Super Giants
1426278,2024-04-24,2024,Delhi Capitals,Gujarat Titans,Arun Jaitley Stadium,Delhi,Gujarat Titans,field,Gujarat Titans,Delhi Capitals,Delhi Capitals,0,0,1,Delhi Capitals vs Gujarat Titans
1426279,2024-04-25,2024,Royal Challengers Bengaluru,Sunrisers Hyderabad,Rajiv Gandhi International Stadium,Hyderabad,Royal Challengers Bengaluru,bat,Sunrisers Hyderabad,Royal Challengers Bengaluru,Royal Challengers Bengaluru,1,0,1,Royal Challengers Bengaluru vs Sunrisers Hyderabad
1426280,2024-04-26,2024,Kolkata Knight Riders,Punjab Kings,Eden Gardens,Kolkata,Punjab Kings,field,Punjab Kings,Kolkata Knight Riders,Punjab Kings,1,1,0,Kolkata Knight Riders vs Punjab Kings
1426281,2024-04-27,2024,Delhi Capitals,Mumbai Indians,Arun Jaitley Stadium,Delhi,Mumbai Indians,field,Mumbai Indians,Delhi Capitals,Delhi Capitals,0,0,1,Delhi Capitals vs Mumbai Indians
1426282,2024-04-27,2024,Lucknow Super Giants,Rajasthan Royals,Bharat Ratna Shri Atal Bihari Vajpayee Ekana Cricket Stadium,Lucknow,Rajasthan Royals,field,Rajasthan Royals,Lucknow Super Giants,Rajasthan Royals,1,1,0,Lucknow Super Giants vs Rajasthan Royals
1426283,2024-04-28,2024,Gujarat Titans,Royal Challengers Bengaluru,Narendra Modi Stadium,Ahmedabad,Royal Challengers Bengaluru,field,Royal Challengers Bengaluru,Gujarat Titans,Royal Challengers Bengaluru,1,1,0,Gujarat Titans vs Royal Challengers Bengaluru
1426284,2024-04-28,2024,Chennai Super Kings,Sunrisers Hyderabad,MA Chidambaram Stadium,Chennai,Sunrisers Hyderabad,field,Sunrisers Hyderabad,Chennai Super Kings,Chennai Super Kings,0,0,1,Chennai Super Kings vs Sunrisers Hyderabad
1426285,2024-04-29,2024,Delhi Capitals,Kolkata Knight Riders,Eden Gardens,Kolkata,Delhi Capitals,bat,Kolkata Knight Riders,Delhi Capitals,Kolkata Knight Riders,0,1,0,Delhi Capitals vs Kolkata Knight Riders
1426286,2024-04-30,2024,Lucknow Super Giants,Mumbai Indians,Bharat Ratna Shri Atal Bihari Vajpayee Ekana Cricket Stadium,Lucknow,Lucknow Super Giants,field,Lucknow Super Giants,Mumbai Indians,Lucknow Super Giants,1,1,0,Lucknow Super Giants vs Mumbai Indians
1426287,2024-05-01,2024,Chennai Super Kings,Punjab Kings,MA Chidambaram Stadium,Chennai,Punjab Kings,field,Punjab Kings,Chennai Super Kings,Punjab Kings,1,1,0,Chennai Super Kings vs Punjab Kings
1426288,2024-05-02,2024,Rajasthan Royals,Sunrisers Hyderabad,Rajiv Gandhi International Stadium,Hyderabad,Sunrisers Hyderabad,bat,Rajasthan Royals,Sunrisers Hyderabad,Sunrisers Hyderabad,1,0,1,Rajasthan Royals vs Sunrisers Hyderabad
1426289,2024-05-03,2024,Kolkata Knight Riders,Mumbai Indians,Wankhede Stadium,Mumbai,Mumbai Indians,field,Mumbai Indians,Kolkata Knight Riders,Kolkata Knight Riders,0,0,1,Kolkata Knight Riders vs Mumbai Indians
1426290,2024-05-04,2024,Gujarat Titans,Royal Challengers Bengaluru,M Chinnaswamy Stadium,Bengaluru,Royal Challengers Bengaluru,field,Royal Challengers Bengaluru,Gujarat Titans,Royal Challengers Bengaluru,1,1,0,Gujarat Titans vs Royal Challengers Bengaluru
1426291,2024-05-05,2024,Chennai Super Kings,Punjab Kings,Himachal Pradesh Cricket Association Stadium,Dharamsala,Punjab Kings,field,Punjab Kings,Chennai Super Kings,Chennai Super Kings,0,0,1,Chennai Super Kings vs Punjab Kings
1426292,2024-05-05,2024,Kolkata Knight Riders,Lucknow Super Giants,Bharat Ratna Shri Atal Bihari Vajpayee Ekana Cricket Stadium,Lucknow,Lucknow Super Giants,field,Lucknow Super Giants,Kolkata Knight Riders,Kolkata Knight Riders,0,0,1,Kolkata Knight Riders vs Lucknow Super Giants
1426293,2024-05-06,2024,Mumbai Indians,Sunrisers Hyderabad,Wankhede Stadium,Mumbai,Mumbai Indians,field,Mumbai Indians,Sunrisers Hyderabad,Mumbai Indians,1,1,0,Mumbai Indians vs Sunrisers Hyderabad
1426294,2024-05-07,2024,Delhi Capitals,Rajasthan Royals,Arun Jaitley Stadium,Delhi,Rajasthan Royals,field,Rajasthan Royals,Delhi Capitals,Delhi Capitals,0,0,1,Delhi Capitals vs Rajasthan Royals
1426295,2024-05-08,2024,Lucknow Super Giants,Sunrisers Hyderabad,Rajiv Gandhi International Stadium,Hyderabad,Lucknow Super Giants,bat,Sunrisers Hyderabad,Lucknow Super Giants,Sunrisers Hyderabad,0,1,0,Lucknow Super Giants vs Sunrisers Hyderabad
1426296,2024-05-09,2024,Punjab Kings,Royal Challengers Bengaluru,Himachal Pradesh Cricket Association Stadium,Dharamsala,Punjab Kings,field,Punjab Kings,Royal Challengers Bengaluru,Royal Challengers Bengaluru,0,0,1,Punjab Kings vs Royal Challengers Bengaluru
1426297,2024-05-10,2024,Chennai Super Kings,Gujarat Titans,Narendra Modi Stadium,Ahmedabad,Chennai Super Kings,field,Chennai Super Kings,Gujarat Titans,Gujarat Titans,0,0,1,Chennai Super Kings vs Gujarat Titans
1426298,2024-05-11,2024,Kolkata Knight Riders,Mumbai Indians,Eden Gardens,Kolkata,Mumbai Indians,field,Mumbai Indians,Kolkata Knight Riders,Kolkata Knight Riders,0,0,1,Kolkata Knight Riders vs Mumbai Indians
1426299,2024-05-12,2024,Chennai Super Kings,Rajasthan Royals,MA Chidambaram Stadium,Chennai,Rajasthan Royals,bat,Chennai Super Kings,Rajasthan Royals,Chennai Super Kings,0,1,0,Chennai Super Kings vs Rajasthan Royals
1426300,2024-05-12,2024,Delhi Capitals,Royal Challengers Bengaluru,M Chinnaswamy Stadium,Bengaluru,Delhi Capitals,field,Delhi Capitals,Royal Challengers Bengaluru,Royal Challengers Bengaluru,0,0,1,Delhi Capitals vs Royal Challengers Bengaluru
1426302,2024-05-14,2024,Delhi Capitals,Lucknow Super Giants,Arun Jaitley Stadium,Delhi,Lucknow Super Giants,field,Lucknow Super Giants,Delhi Capitals,Delhi Capitals,0,0,1,Delhi Capitals vs Lucknow Super Giants
1426303,2024-05-15,2024,Punjab Kings,Rajasthan Royals,Barsapara Cricket Stadium,Guwahati,Rajasthan Royals,bat,Punjab Kings,Rajasthan Royals,Punjab Kings,0,1,0,Punjab Kings vs Rajasthan Royals
1426305,2024-05-17,2024,Lucknow Super Giants,Mumbai Indians,Wankhede Stadium,Mumbai,Mumbai Indians,field,Mumbai Indians,Lucknow Super Giants,Lucknow Super Giants,0,0,1,Lucknow Super Giants vs Mumbai Indians
1426306,2024-05-18,2024,Chennai Super Kings,Royal Challengers Bengaluru,M Chinnaswamy Stadium,Bengaluru,Chennai Super Kings,field,Chennai Super Kings,Royal Challengers Bengaluru,Royal Challengers Bengaluru,0,0,1,Chennai Super Kings vs Royal Challengers Bengaluru
1426307,2024-05-19,2024,Punjab Kings,Sunrisers Hyderabad,Rajiv Gandhi International Stadium,Hyderabad,Punjab Kings,bat,Sunrisers Hyderabad,Punjab Kings,Sunrisers Hyderabad,0,1,0,Punjab Kings vs Sunrisers Hyderabad
1426309,2024-05-21,2024,Kolkata Knight Riders,Sunrisers Hyderabad,Narendra Modi Stadium,Ahmedabad,Sunrisers Hyderabad,bat,Kolkata Knight Riders,Sunrisers Hyderabad,Kolkata Knight Riders,0,1,0,Kolkata Knight Riders vs Sunrisers Hyderabad
1426310,2024-05-22,2024,Rajasthan Royals,Royal Challengers Bengaluru,Narendra Modi Stadium,Ahmedabad,Rajasthan Royals,field,Rajasthan Royals,Royal Challengers Bengaluru,Rajasthan Royals,1,1,0,Rajasthan Royals vs Royal Challengers Bengaluru
1426311,2024-05-24,2024,Rajasthan Royals,Sunrisers Hyderabad,MA Chidambaram Stadium,Chennai,Rajasthan Royals,field,Rajasthan Royals,Sunrisers Hyderabad,Sunrisers Hyderabad,0,0,1,Rajasthan Royals vs Sunrisers Hyderabad
1426312,2024-05-26,2024,Kolkata Knight Riders,Sunrisers Hyderabad,MA Chidambaram Stadium,Chennai,Sunrisers Hyderabad,bat,Kolkata Knight Riders,Sunrisers Hyderabad,Kolkata Knight Riders,0,1,0,Kolkata Knight Riders vs Sunrisers Hyderabad
1473438,2025-03-22,2025,Kolkata Knight Riders,Royal Challengers Bengaluru,Eden Gardens,Kolkata,Royal Challengers Bengaluru,field,Royal Challengers Bengaluru,Kolkata Knight Riders,Royal Challengers Bengaluru,1,1,0,Kolkata Knight Riders vs Royal Challengers Bengaluru
1473439,2025-03-23,2025,Rajasthan Royals,Sunrisers Hyderabad,Rajiv Gandhi International Stadium,Hyderabad,Rajasthan Royals,field,Rajasthan Royals,Sunrisers Hyderabad,Sunrisers Hyderabad,0,0,1,Rajasthan Royals vs Sunrisers Hyderabad
1473440,2025-03-23,2025,Chennai Super Kings,Mumbai Indians,MA Chidambaram Stadium,Chennai,Chennai Super Kings,field,Chennai Super Kings,Mumbai Indians,Chennai Super Kings,1,1,0,Chennai Super Kings vs Mumbai Indians
1473441,2025-03-24,2025,Delhi Capitals,Lucknow Super Giants,Dr. Y.S. Rajasekhara Reddy ACA-VDCA Cricket Stadium,Visakhapatnam,Delhi Capitals,field,Delhi Capitals,Lucknow Super Giants,Delhi Capitals,1,1,0,Delhi Capitals vs Lucknow Super Giants
1473442,2025-03-25,2025,Gujarat Titans,Punjab Kings,Narendra Modi Stadium,Ahmedabad,Gujarat Titans,field,Gujarat Titans,Punjab Kings,Punjab Kings,0,0,1,Gujarat Titans vs Punjab Kings
1473443,2025-03-26,2025,Kolkata Knight Riders,Rajasthan Royals,Barsapara Cricket Stadium,Guwahati,Kolkata Knight Riders,field,Kolkata Knight Riders,Rajasthan Royals,Kolkata Knight Riders,1,1,0,Kolkata Knight Riders vs Rajasthan Royals
1473444,2025-03-27,2025,Lucknow Super Giants,Sunrisers Hyderabad,Rajiv Gandhi International Stadium,Hyderabad,Lucknow Super Giants,field,Lucknow Super Giants,Sunrisers Hyderabad,Lucknow Super Giants,1,1,0,Lucknow Super Giants vs Sunrisers Hyderabad
1473445,2025-03-28,2025,Chennai Super Kings,Royal Challengers Bengaluru,MA Chidambaram Stadium,Chennai,Chennai Super Kings,field,Chennai Super Kings,Royal Challengers Bengaluru,Royal Challengers Bengaluru,0,0,1,Chennai Super Kings vs Royal Challengers Bengaluru
1473446,2025-03-29,2025,Gujarat Titans,Mumbai Indians,Narendra Modi Stadium,Ahmedabad,Mumbai Indians,field,Mumbai Indians,Gujarat Titans,Gujarat Titans,0,0,1,Gujarat Titans vs Mumbai Indians
1473447,2025-03-30,2025,Delhi Capitals,Sunrisers Hyderabad,Dr. Y.S. Rajasekhara Reddy ACA-VDCA Cricket Stadium,Visakhapatnam,Sunrisers Hyderabad,bat,Delhi Capitals,Sunrisers Hyderabad,Delhi Capitals,0,1,0,Delhi Capitals vs Sunrisers Hyderabad
1473448,2025-03-30,2025,Chennai Super Kings,Rajasthan Royals,Barsapara Cricket Stadium,Guwahati,Chennai Super Kings,field,Chennai Super Kings,Rajasthan Royals,Rajasthan Royals,0,0,1,Chennai Super Kings vs Rajasthan Royals
1473449,2025-03-31,2025,Kolkata Knight Riders,Mumbai Indians,Wankhede Stadium,Mumbai,Mumbai Indians,field,Mumbai Indians,Kolkata Knight Riders,Mumbai Indians,1,1,0,Kolkata Knight Riders vs Mumbai Indians
1473450,2025-04-01,2025,Lucknow Super Giants,Punjab Kings,Bharat Ratna Shri Atal Bihari Vajpayee Ekana Cricket Stadium,Lucknow,Punjab Kings,field,Punjab Kings,Lucknow Super Giants,Punjab Kings,1,1,0,Lucknow Super Giants vs Punjab Kings
1473451,2025-04-02,2025,Gujarat Titans,Royal Challengers Bengaluru,M Chinnaswamy Stadium,Bengaluru,Gujarat Titans,field,Gujarat Titans,Royal Challengers Bengaluru,Gujarat Titans,1,1,0,Gujarat Titans vs Royal Challengers Bengaluru
1473452,2025-04-03,2025,Kolkata Knight Riders,Sunrisers Hyderabad,Eden Gardens,Kolkata,Sunrisers Hyderabad,field,Sunrisers Hyderabad,Kolkata Knight Riders,Kolkata Knight Riders,0,0,1,Kolkata Knight Riders vs Sunrisers Hyderabad
1473453,2025-04-04,2025,Lucknow Super Giants,Mumbai Indians,Bharat Ratna Shri Atal Bihari Vajpayee Ekana Cricket Stadium,Lucknow,Mumbai Indians,field,Mumbai Indians,Lucknow Super Giants,Lucknow Super Giants,0,0,1,Lucknow Super Giants vs Mumbai Indians
1473454,2025-04-05,2025,Chennai Super Kings,Delhi Capitals,MA Chidambaram Stadium,Chennai,Delhi Capitals,bat,Chennai Super Kings,Delhi Capitals,Delhi Capitals,1,0,1,Chennai Super Kings vs Delhi Capitals
1473455,2025-04-05,2025,Punjab Kings,Rajasthan Royals,Maharaja Yadavindra Singh International Cricket Stadium,Mohali,Punjab Kings,field,Punjab Kings,Rajasthan Royals,Rajasthan Royals,0,0,1,Punjab Kings vs Rajasthan Royals
1473457,2025-04-06,2025,Gujarat Titans,Sunrisers Hyderabad,Rajiv Gandhi International Stadium,Hyderabad,Gujarat Titans,field,Gujarat Titans,Sunrisers Hyderabad,Gujarat Titans,1,1,0,Gujarat Titans vs Sunrisers Hyderabad
1473458,2025-04-07,2025,Mumbai Indians,Royal Challengers Bengaluru,Wankhede Stadium,Mumbai,Mumbai Indians,field,Mumbai Indians,Royal Challengers Bengaluru,Royal Challengers Bengaluru,0,0,1,Mumbai Indians vs Royal Challengers Bengaluru
1473459,2025-04-08,2025,Chennai Super Kings,Punjab Kings,Maharaja Yadavindra Singh International Cricket Stadium,Mohali,Punjab Kings,bat,Chennai Super Kings,Punjab Kings,Punjab Kings,1,0,1,Chennai Super Kings vs Punjab Kings
1473456,2025-04-08,2025,Kolkata Knight Riders,Lucknow Super Giants,Eden Gardens,Kolkata,Kolkata Knight Riders,field,Kolkata Knight Riders,Lucknow Super Giants,Lucknow Super Giants,0,0,1,Kolkata Knight Riders vs Lucknow Super Giants
1473460,2025-04-09,2025,Gujarat Titans,Rajasthan Royals,Narendra Modi Stadium,Ahmedabad,Rajasthan Royals,field,Rajasthan Royals,Gujarat Titans,Gujarat Titans,0,0,1,Gujarat Titans vs Rajasthan Royals
1473461,2025-04-10,2025,Delhi Capitals,Royal Challengers Bengaluru,M Chinnaswamy Stadium,Bengaluru,Delhi Capitals,field,Delhi Capitals,Royal Challengers Bengaluru,Delhi Capitals,1,1,0,Delhi Capitals vs Royal Challengers Bengaluru
1473462,2025-04-11,2025,Chennai Super Kings,Kolkata Knight Riders,MA Chidambaram Stadium,Chennai,Kolkata Knight Riders,field,Kolkata Knight Riders,Chennai Super Kings,Kolkata Knight Riders,1,1,0,Chennai Super Kings vs Kolkata Knight Riders
1473463,2025-04-12,2025,Gujarat Titans,Lucknow Super Giants,Bharat Ratna Shri Atal Bihari Vajpayee Ekana Cricket Stadium,Lucknow,Lucknow Super Giants,field,Lucknow Super Giants,Gujarat Titans,Lucknow Super Giants,1,1,0,Gujarat Titans vs Lucknow Super Giants
1473464,2025-04-12,2025,Punjab Kings,Sunrisers Hyderabad,Rajiv Gandhi International Stadium,Hyderabad,Punjab Kings,bat,Sunrisers Hyderabad,Punjab Kings,Sunrisers Hyderabad,0,1,0,Punjab Kings vs Sunrisers Hyderabad
1473466,2025-04-13,2025,Delhi Capitals,Mumbai Indians,Arun Jaitley Stadium,Delhi,Delhi Capitals,field,Delhi Capitals,Mumbai Indians,Mumbai Indians,0,0,1,Delhi Capitals vs Mumbai Indians
1473465,2025-04-13,2025,Rajasthan Royals,Royal Challengers Bengaluru,Sawai Mansingh Stadium,Jaipur,Royal Challengers Bengaluru,field,Royal Challengers Bengaluru,Rajasthan Royals,Royal Challengers Bengaluru,1,1,0,Rajasthan Royals vs Royal Challengers Bengaluru
1473467,2025-04-14,2025,Chennai Super Kings,Lucknow Super Giants,Bharat Ratna Shri Atal Bihari Vajpayee Ekana Cricket Stadium,Lucknow,Chennai Super Kings,field,Chennai Super Kings,Lucknow Super Giants,Chennai Super Kings,1,1,0,Chennai Super Kings vs Lucknow Super Giants
1473468,2025-04-15,2025,Kolkata Knight Riders,Punjab Kings,Maharaja Yadavindra Singh International Cricket Stadium,Mohali,Punjab Kings,bat,Kolkata Knight Riders,Punjab Kings,Punjab Kings,1,0,1,Kolkata Knight Riders vs Punjab Kings
1473469,2025-04-16,2025,Delhi Capitals,Rajasthan Royals,Arun Jaitley Stadium,Delhi,Rajasthan Royals,field,Rajasthan Royals,Delhi Capitals,Unknown,0,0,0,Delhi Capitals vs Rajasthan Royals
1473470,2025-04-17,2025,Mumbai Indians,Sunrisers Hyderabad,Wankhede Stadium,Mumbai,Mumbai Indians,field,Mumbai Indians,Sunrisers Hyderabad,Mumbai Indians,1,1,0,Mumbai Indians vs Sunrisers Hyderabad
1473471,2025-04-18,2025,Punjab Kings,Royal Challengers Bengaluru,M Chinnaswamy Stadium,Bengaluru,Punjab Kings,field,Punjab Kings,Royal Challengers Bengaluru,Punjab Kings,1,1,0,Punjab Kings vs Royal Challengers Bengaluru
1473472,2025-04-19,2025,Delhi Capitals,Gujarat Titans,Narendra Modi Stadium,Ahmedabad,Gujarat Titans,field,Gujarat Titans,Delhi Capitals,Gujarat Titans,1,1,0,Delhi Capitals vs Gujarat Titans
1473473,2025-04-19,2025,Lucknow Super Giants,Rajasthan Royals,Sawai Mansingh Stadium,Jaipur,Lucknow Super Giants,bat,Rajasthan Royals,Lucknow Super Giants,Lucknow Super Giants,1,0,1,Lucknow Super Giants vs Rajasthan Royals
1473474,2025-04-20,2025,Punjab Kings,Royal Challengers Bengaluru,Maharaja Yadavindra Singh International Cricket Stadium,Mohali,Royal Challengers Bengaluru,field,Royal Challengers Bengaluru,Punjab Kings,Royal Challengers Bengaluru,1,1,0,Punjab Kings vs Royal Challengers Bengaluru
1473475,2025-04-20,2025,Chennai Super Kings,Mumbai Indians,Wankhede Stadium,Mumbai,Mumbai Indians,field,Mumbai Indians,Chennai Super Kings,Mumbai Indians,1,1,0,Chennai Super Kings vs Mumbai Indians
1473476,2025-04-21,2025,Gujarat Titans,Kolkata Knight Riders,Eden Gardens,Kolkata,Kolkata Knight Riders,field,Kolkata Knight Riders,Gujarat Titans,Gujarat Titans,0,0,1,Gujarat Titans vs Kolkata Knight Riders
1473477,2025-04-22,2025,Delhi Capitals,Lucknow Super Giants,Bharat Ratna Shri Atal Bihari Vajpayee Ekana Cricket Stadium,Lucknow,Delhi Capitals,field,Delhi Capitals,Lucknow Super Giants,Delhi Capitals,1,1,0,Delhi Capitals vs Lucknow Super Giants
1473478,2025-04-23,2025,Mumbai Indians,Sunrisers Hyderabad,Rajiv Gandhi International Stadium,Hyderabad,Mumbai Indians,field,Mumbai Indians,Sunrisers Hyderabad,Mumbai Indians,1,1,0,Mumbai Indians vs Sunrisers Hyderabad
1473479,2025-04-24,2025,Rajasthan Royals,Royal Challengers Bengaluru,M Chinnaswamy Stadium,Bengaluru,Rajasthan Royals,field,Rajasthan Royals,Royal Challengers Bengaluru,Royal Challengers Bengaluru,0,0,1,Rajasthan Royals vs Royal Challengers Bengaluru
1473480,2025-04-25,2025,Chennai Super Kings,Sunrisers Hyderabad,MA Chidambaram Stadium,Chennai,Sunrisers Hyderabad,field,Sunrisers Hyderabad,Chennai Super Kings,Sunrisers Hyderabad,1,1,0,Chennai Super Kings vs Sunrisers Hyderabad
1473481,2025-04-26,2025,Kolkata Knight Riders,Punjab Kings,Eden Gardens,Kolkata,Punjab Kings,bat,Kolkata Knight Riders,Punjab Kings,Unknown,0,0,0,Kolkata Knight Riders vs Punjab Kings
1473482,2025-04-27,2025,Lucknow Super Giants,Mumbai Indians,Wankhede Stadium,Mumbai,Lucknow Super Giants,field,Lucknow Super Giants,Mumbai Indians,Mumbai Indians,0,0,1,Lucknow Super Giants vs Mumbai Indians
1473483,2025-04-27,2025,Delhi Capitals,Royal Challengers Bengaluru,Arun Jaitley Stadium,Delhi,Royal Challengers Bengaluru,field,Royal Challengers Bengaluru,Delhi Capitals,Royal Challengers Bengaluru,1,1,0,Delhi Capitals vs Royal Challengers Bengaluru
1473484,2025-04-28,2025,Gujarat Titans,Rajasthan Royals,Sawai Mansingh Stadium,Jaipur,Rajasthan Royals,field,Rajasthan Royals,Gujarat Titans,Rajasthan Royals,1,1,0,Gujarat Titans vs Rajasthan Royals
1473485,2025-04-29,2025,Delhi Capitals,Kolkata Knight Riders,Arun Jaitley Stadium,Delhi,Delhi Capitals,field,Delhi Capitals,Kolkata Knight Riders,Kolkata Knight Riders,0,0,1,Delhi Capitals vs Kolkata Knight Riders
1473486,2025-04-30,2025,Chennai Super Kings,Punjab Kings,MA Chidambaram Stadium,Chennai,Punjab Kings,field,Punjab Kings,Chennai Super Kings,Punjab Kings,1,1,0,Chennai Super Kings vs Punjab Kings
1473487,2025-05-01,2025,Mumbai Indians,Rajasthan Royals,Sawai Mansingh Stadium,Jaipur,Rajasthan Royals,field,Rajasthan Royals,Mumbai Indians,Mumbai Indians,0,0,1,Mumbai Indians vs Rajasthan Royals
1473488,2025-05-02,2025,Gujarat Titans,Sunrisers Hyderabad,Narendra Modi Stadium,Ahmedabad,Sunrisers Hyderabad,field,Sunrisers Hyderabad,Gujarat Titans,Gujarat Titans,0,0,1,Gujarat Titans vs Sunrisers Hyderabad
1473489,2025-05-03,2025,Chennai Super Kings,Royal Challengers Bengaluru,M Chinnaswamy Stadium,Bengaluru,Chennai Super Kings,field,Chennai Super Kings,Royal Challengers Bengaluru,Royal Challengers Bengaluru,0,0,1,Chennai Super Kings vs Royal Challengers Bengaluru
1473491,2025-05-04,2025,Lucknow Super Giants,Punjab Kings,Himachal Pradesh Cricket Association Stadium,Dharamsala,Lucknow Super Giants,field,Lucknow Super Giants,Punjab Kings,Punjab Kings,0,0,1,Lucknow Super Giants vs Punjab Kings
1473490,2025-05-04,2025,Kolkata Knight Riders,Rajasthan Royals,Eden Gardens,Kolkata,Kolkata Knight Riders,bat,Rajasthan Royals,Kolkata Knight Riders,Kolkata Knight Riders,1,0,1,Kolkata Knight Riders vs Rajasthan Royals
1473492,2025-05-05,2025,Delhi Capitals,Sunrisers Hyderabad,Rajiv Gandhi International Stadium,Hyderabad,Sunrisers Hyderabad,field,Sunrisers Hyderabad,Delhi Capitals,Unknown,0,0,0,Delhi Capitals vs Sunrisers Hyderabad
1473493,2025-05-06,2025,Gujarat Titans,Mumbai Indians,Wankhede Stadium,Mumbai,Gujarat Titans,field,Gujarat Titans,Mumbai Indians,Gujarat Titans,1,1,0,Gujarat Titans vs Mumbai Indians
1473494,2025-05-07,2025,Chennai Super Kings,Kolkata Knight Riders,Eden Gardens,Kolkata,Kolkata Knight Riders,bat,Chennai Super Kings,Kolkata Knight Riders,Chennai Super Kings,0,1,0,Chennai Super Kings vs Kolkata Knight Riders
1473495,2025-05-08,2025,Delhi Capitals,Punjab Kings,Himachal Pradesh Cricket Association Stadium,Dharamsala,Punjab Kings,bat,Delhi Capitals,Punjab Kings,Unknown,0,0,0,Delhi Capitals vs Punjab Kings
1473497,2025-05-18,2025,Punjab Kings,Rajasthan Royals,Sawai Mansingh Stadium,Jaipur,Punjab Kings,bat,Rajasthan Royals,Punjab Kings,Punjab Kings,1,0,1,Punjab Kings vs Rajasthan Royals
1473498,2025-05-18,2025,Delhi Capitals,Gujarat Titans,Arun Jaitley Stadium,Delhi,Gujarat Titans,field,Gujarat Titans,Delhi Capitals,Gujarat Titans,1,1,0,Delhi Capitals vs Gujarat Titans
1473499,2025-05-19,2025,Lucknow Super Giants,Sunrisers Hyderabad,Bharat Ratna Shri Atal Bihari Vajpayee Ekana Cricket Stadium,Lucknow,Sunrisers Hyderabad,field,Sunrisers Hyderabad,Lucknow Super Giants,Sunrisers Hyderabad,1,1,0,Lucknow Super Giants vs Sunrisers Hyderabad
1473500,2025-05-20,2025,Chennai Super Kings,Rajasthan Royals,Arun Jaitley Stadium,Delhi,Rajasthan Royals,field,Rajasthan Royals,Chennai Super Kings,Rajasthan Royals,1,1,0,Chennai Super Kings vs Rajasthan Royals
1473501,2025-05-21,2025,Delhi Capitals,Mumbai Indians,Wankhede Stadium,Mumbai,Delhi Capitals,field,Delhi Capitals,Mumbai Indians,Mumbai Indians,0,0,1,Delhi Capitals vs Mumbai Indians
1473502,2025-05-22,2025,Gujarat Titans,Lucknow Super Giants,Narendra Modi Stadium,Ahmedabad,Gujarat Titans,field,Gujarat Titans,Lucknow Super Giants,Lucknow Super Giants,0,0,1,Gujarat Titans vs Lucknow Super Giants
1473503,2025-05-23,2025,Royal Challengers Bengaluru,Sunrisers Hyderabad,Bharat Ratna Shri Atal Bihari Vajpayee Ekana Cricket Stadium,Lucknow,Royal Challengers Bengaluru,field,Royal Challengers Bengaluru,Sunrisers Hyderabad,Sunrisers Hyderabad,0,0,1,Royal Challengers Bengaluru vs Sunrisers Hyderabad
1485779,2025-05-24,2025,Delhi Capitals,Punjab Kings,Sawai Mansingh Stadium,Jaipur,Delhi Capitals,field,Delhi Capitals,Punjab Kings,Delhi Capitals,1,1,0,Delhi Capitals vs Punjab Kings
1473505,2025-05-25,2025,Kolkata Knight Riders,Sunrisers Hyderabad,Arun Jaitley Stadium,Delhi,Sunrisers Hyderabad,bat,Kolkata Knight Riders,Sunrisers Hyderabad,Sunrisers Hyderabad,1,0,1,Kolkata Knight Riders vs Sunrisers Hyderabad
1473504,2025-05-25,2025,Chennai Super Kings,Gujarat Titans,Narendra Modi Stadium,Ahmedabad,Chennai Super Kings,bat,Gujarat Titans,Chennai Super Kings,Chennai Super Kings,1,0,1,Chennai Super Kings vs Gujarat Titans
1473506,2025-05-26,2025,Mumbai Indians,Punjab Kings,Sawai Mansingh Stadium,Jaipur,Punjab Kings,field,Punjab Kings,Mumbai Indians,Punjab Kings,1,1,0,Mumbai Indians vs Punjab Kings
1473507,2025-05-27,2025,Lucknow Super Giants,Royal Challengers Bengaluru,Bharat Ratna Shri Atal Bihari Vajpayee Ekana Cricket Stadium,Lucknow,Royal Challengers Bengaluru,field,Royal Challengers Bengaluru,Lucknow Super Giants,Royal Challengers Bengaluru,1,1,0,Lucknow Super Giants vs Royal Challengers Bengaluru
1473508,2025-05-29,2025,Punjab Kings,Royal Challengers Bengaluru,Maharaja Yadavindra Singh International Cricket Stadium,New Chandigarh,Royal Challengers Bengaluru,field,Royal Challengers Bengaluru,Punjab Kings,Royal Challengers Bengaluru,1,1,0,Punjab Kings vs Royal Challengers Bengaluru
1473509,2025-05-30,2025,Gujarat Titans,Mumbai Indians,Maharaja Yadavindra Singh International Cricket Stadium,New Chandigarh,Mumbai Indians,bat,Gujarat Titans,Mumbai Indians,Mumbai Indians,1,0,1,Gujarat Titans vs Mumbai Indians
1473510,2025-06-01,2025,Mumbai Indians,Punjab Kings,Narendra Modi Stadium,Ahmedabad,Punjab Kings,field,Punjab Kings,Mumbai Indians,Punjab Kings,1,1,0,Mumbai Indians vs Punjab Kings
1473511,2025-06-03,2025,Punjab Kings,Royal Challengers Bengaluru,Narendra Modi Stadium,Ahmedabad,Punjab Kings,field,Punjab Kings,Royal Challengers Bengaluru,Royal Challengers Bengaluru,0,0,1,Punjab Kings vs Royal Challengers Bengaluru
